Date,Close_gold,Close_sp500,Close_vix,Close_eur_usd,Close_oil,CFSI,Pct_change_Close_gold,Direction_Close_gold,Pct_change_Close_sp500,Direction_Close_sp500,Pct_change_Close_vix,Direction_Close_vix,Pct_change_Close_eur_usd,Direction_Close_eur_usd,Pct_change_Close_oil,Direction_Close_oil,Target
2013-04-02,152.42999267578125,1570.25,12.779999732971191,1.2850167751312256,97.19000244140624,-0.23,-0.014482482185829704,False,0.005172264111710456,True,-0.05891017637918661,False,0.003469577222831921,True,0.0012362495823559083,True,False
2013-04-03,150.72999572753906,1553.68994140625,14.210000038146973,1.2820513248443604,94.4499969482422,-0.16,-0.011152640752650878,False,-0.010546128701639845,False,0.1118936099416743,True,-0.0023077132876825335,False,-0.02819225665536873,False,False
2013-04-04,150.2899932861328,1559.97998046875,13.890000343322754,1.2850167751312256,93.26000213623048,-0.15,-0.0029191431956356872,False,0.004048451943253761,True,-0.022519331032031964,False,0.0023130511465485615,True,-0.012599204345806636,False,True
2013-04-05,152.80999755859375,1553.280029296875,13.920000076293944,1.2928247451782229,92.6999969482422,-0.11,0.016767611850665,True,-0.00429489561132812,False,0.0021598079359019806,True,0.006076161959986726,True,-0.006004773484459602,False,False
2013-04-08,152.16000366210938,1563.0699462890625,13.1899995803833,1.2992074489593506,93.36000061035156,-0.11,-0.004253608447543744,False,0.006302737952936344,True,-0.05244256407396497,False,0.004937021668971697,True,0.007119780839667911,True,True
2013-04-09,153.33999633789062,1568.6099853515625,12.84000015258789,1.3029316663742063,94.1999969482422,-0.09,0.007754946420753139,True,0.0035443321494683655,True,-0.02653521144276183,False,0.0028665302202806053,True,0.008997390021412421,True,False
2013-04-10,150.75,1587.72998046875,12.359999656677246,1.3080273866653442,94.63999938964844,-0.12,-0.016890546496319603,False,0.01218913260513399,True,-0.03738321574816339,False,0.003910965112482234,True,0.004670939019753906,True,True
2013-04-11,151.0500030517578,1593.3699951171875,12.239999771118164,1.3055341243743896,93.51000213623048,-0.15,0.001990069995076782,True,0.0035522505198095633,True,-0.009708728874782357,False,-0.0019061239209301473,False,-0.011939954149466692,False,False
2013-04-12,143.9499969482422,1588.8499755859375,12.0600004196167,1.311475396156311,91.29000091552734,-0.15,-0.04700434266845255,False,-0.002836767069231527,False,-0.014705829646026292,False,0.004550836068546671,True,-0.02374078889944753,False,False
2013-04-15,131.30999755859375,1552.3599853515625,17.270000457763672,1.3099292516708374,88.70999908447266,-0.13,-0.0878082643808128,False,-0.022966290584432447,False,0.43200662163099346,True,-0.0011789351824709193,False,-0.028261603737325225,False,True
2013-04-16,132.8000030517578,1574.5699462890625,13.960000038146973,1.3054660558700562,88.72000122070312,-0.12,0.011347235708379255,True,0.014307223290395576,True,-0.19166186056055945,False,-0.003407203705916406,False,0.00011275094503093719,True,True
2013-04-17,132.8699951171875,1552.010009765625,16.510000228881836,1.3178702592849731,86.68000030517578,-0.12,0.0005270486733528479,True,-0.014327681394279534,False,0.18266476961079903,True,0.009501743349925595,True,-0.022993698010131514,False,True
2013-04-18,134.3000030517578,1541.6099853515625,17.559999465942383,1.3034920692443848,87.7300033569336,-0.08,0.010762459449999096,True,-0.006701003439812281,False,0.06359777241091291,True,-0.010910171118353795,False,0.012113556161295058,True,True
2013-04-19,135.47000122070312,1555.25,14.970000267028809,1.3053126335144043,88.01000213623047,-0.07,0.008711825334020373,True,0.008847902373522176,True,-0.14749426410501187,False,0.001396682275999428,True,0.0031915965870614738,True,True
2013-04-22,137.89999389648438,1562.5,14.390000343322754,1.3055682182312012,88.76000213623047,-0.04,0.01793749652236576,True,0.004661629963028435,True,-0.03874414918906155,False,0.00019580344986680487,True,0.008521758684189917,True,False
2013-04-23,136.8800048828125,1578.780029296875,13.479999542236328,1.306165099143982,89.18000030517578,-0.04,-0.007396584908027859,False,0.01041921875000007,True,-0.06323841413309517,False,0.00045718094577207324,True,0.004731840455576952,True,True
2013-04-24,138.3699951171875,1578.7900390625,13.609999656677246,1.2994438409805298,91.43000030517578,-0.03,0.010885375374223738,True,6.340190171760796e-06,True,0.009643925731124492,True,-0.0051457952504296856,False,0.025229872082310534,True,True
2013-04-25,141.6300048828125,1585.1600341796875,13.619999885559082,1.3017443418502808,93.63999938964844,-0.02,0.023560091643163306,True,0.0040347322693841114,True,0.0007347706931741804,True,0.0017703734453156095,True,0.02417148722625062,True,False
2013-04-26,140.91000366210938,1582.239990234375,13.609999656677246,1.3007283210754397,93.0,-0.01,-0.005083677157950217,False,-0.0018421130247733286,False,-0.0007342312016050956,False,-0.0007805071565718524,False,-0.006834679558094803,False,True
2013-04-29,142.3000030517578,1593.6099853515625,13.710000038146973,1.3042571544647217,94.5,-0.06,0.009864447899536888,True,0.007186011722218666,True,0.007347566788560966,True,0.0027129672907901803,True,0.016129032258064502,True,True
2013-04-30,142.77000427246094,1597.5699462890625,13.520000457763672,1.3095861673355105,93.45999908447266,-0.08,0.003302889744367654,True,0.002484899676771457,True,-0.013858466801943248,False,0.004085860562502264,True,-0.011005300693410991,False,False
2013-05-01,141.11000061035156,1582.699951171875,14.489999771118164,1.3168290853500366,91.02999877929688,-0.09,-0.011627117828906464,False,-0.009307883608932754,False,0.07174550891360987,True,0.005530692210397037,True,-0.026000431510591615,False,True
2013-05-02,141.9199981689453,1597.5899658203125,13.59000015258789,1.3182177543640137,93.98999786376952,-0.13,0.005740185352492544,True,0.009407983261396247,True,-0.062111775896931065,False,0.00105455524139475,True,0.03251674309750552,True,True
2013-05-03,142.08999633789062,1614.4200439453125,12.850000381469728,1.3065063953399658,95.61000061035156,-0.18,0.0011978450615743874,True,0.010534666895180678,True,-0.05445178534286088,False,-0.008884237058161992,False,0.017235905770847104,True,True
2013-05-06,142.14999389648438,1617.5,12.65999984741211,1.312335968017578,96.16000366210938,-0.24,0.0004222504056590193,True,0.0019077786269059427,True,-0.014786033339859506,False,0.004461954949784408,True,0.00575256822766157,True,False
2013-05-07,140.3800048828125,1625.9599609375,12.829999923706056,1.3070186376571655,95.62000274658205,-0.25,-0.012451558843968757,False,0.005230269513137653,True,0.013428126251415318,True,-0.004051805703721434,False,-0.005615649906012932,False,True
2013-05-08,142.4600067138672,1632.68994140625,12.65999984741211,1.3077024221420288,96.62000274658205,-0.24,0.014816938016144476,True,0.004139081299929126,True,-0.013250200881126828,False,0.0005231635304672189,True,0.010458062866304907,True,False
2013-05-09,140.80999755859375,1626.6700439453125,13.130000114440918,1.3161357641220093,96.38999938964844,-0.2,-0.011582262231585427,False,-0.0036871039064235722,False,0.037124824067425566,True,0.006448976339866741,True,-0.002380494208190753,False,False
2013-05-10,139.60000610351562,1633.699951171875,12.59000015258789,1.303441047668457,96.04000091552734,-0.23,-0.008593079156717032,False,0.004321655306021466,True,-0.04112718637824786,False,-0.009645446009151515,False,-0.003631066255185389,False,False
2013-05-13,138.42999267578125,1633.77001953125,12.550000190734863,1.2965291738510132,95.16999816894533,-0.27,-0.00838118464598625,False,4.2889368592202715e-05,True,-0.0031771216336963226,False,-0.005302789742434144,False,-0.00905875404298706,False,False
2013-05-14,137.80999755859375,1650.3399658203125,12.770000457763672,1.2988024950027466,94.20999908447266,-0.31,-0.004478762912597967,False,0.010142153479971716,True,0.01752990148886413,True,0.0017533898947919013,True,-0.010087202930995964,False,False
2013-05-15,134.6300048828125,1658.780029296875,12.8100004196167,1.2937111854553225,94.3000030517578,-0.39,-0.02307519579215711,False,0.0051141362697153525,True,0.0031323383256973703,True,-0.003920002900374309,False,0.0009553547198788426,True,False
2013-05-16,134.08999633789062,1650.469970703125,13.06999969482422,1.2882447242736816,95.16000366210938,-0.41,-0.004011056416375558,False,-0.005009741163373271,False,0.020296586002399364,True,-0.004225410774134186,False,0.009119836506044976,True,False
2013-05-17,131.07000732421875,1667.469970703125,12.449999809265137,1.2883278131484983,96.0199966430664,-0.44,-0.02252210527369891,False,0.010300096519028301,True,-0.04743687069897995,False,6.449774119077212e-05,True,0.009037336568530119,True,True
2013-05-20,135.1199951171875,1666.2900390625,13.020000457763672,1.2835652828216553,96.70999908447266,-0.46,0.030899424480465454,True,-0.000707617924973758,False,0.04578318531975789,True,-0.003696675860163312,False,0.007186028593306304,True,False
2013-05-21,132.8800048828125,1669.1600341796875,13.369999885559082,1.2891082763671875,96.16000366210938,-0.48,-0.01657778504530205,False,0.001722386289245481,True,0.026881675536863048,True,0.00431843523638098,True,-0.0056870585003612195,False,False
2013-05-22,131.94000244140625,1655.3499755859375,13.81999969482422,1.291906237602234,94.27999877929688,-0.49,-0.007074069889109635,False,-0.008273657594813577,False,0.03365742805661376,True,0.0021704625486786977,True,-0.019550798785517243,False,True
2013-05-23,134.61000061035156,1650.510009765625,14.06999969482422,1.2842081785202026,94.25,-0.5,0.02023645687084974,True,-0.002923832356719225,False,0.018089725435640025,True,-0.0059586824941095795,False,-0.0003181881595809566,False,False
2013-05-24,133.75999450683594,1649.5999755859375,13.989999771118164,1.2925074100494385,94.1500015258789,-0.47,-0.006314583609401292,False,-0.0005513654411685165,False,-0.005685851132995023,False,0.006462528169536297,True,-0.0010609917678631176,False,False
2013-05-28,133.49000549316406,1660.06005859375,14.479999542236328,1.29339337348938,95.01000213623048,-0.43,-0.002018458618119001,False,0.006340981548631053,True,0.03502500208254111,True,0.0006854610140361039,True,0.00913436639844556,True,True
2013-05-29,134.8300018310547,1648.3599853515625,14.829999923706056,1.2846370935440063,93.12999725341795,-0.42,0.010038177262336356,True,-0.007047981897774669,False,0.024171297826966143,True,-0.006770005262784595,False,-0.01978744174867897,False,True
2013-05-30,136.6999969482422,1654.4100341796875,14.529999732971191,1.294783353805542,93.61000061035156,-0.46,0.013869280514663629,True,0.00367034439193481,True,-0.02022927796886287,False,0.007898152958937699,True,0.00515412188435338,True,False
2013-05-31,133.9199981689453,1630.739990234375,16.299999237060547,1.3043931722640991,91.97000122070312,-0.42,-0.020336494816085793,False,-0.014307241527974024,False,0.12181689859724543,True,0.007421950884920259,True,-0.017519489145982114,False,True
2013-06-03,136.50999450683594,1640.4200439453125,16.280000686645508,1.299646496772766,93.4499969482422,-0.37,0.01933987733947884,True,0.005935988427895333,True,-0.0012269049908646412,False,-0.003638991365689348,False,0.016092157311028865,True,False
2013-06-04,135.22999572753906,1631.3800048828125,16.270000457763672,1.3072919845581057,93.30999755859376,-0.32,-0.009376593881796569,False,-0.005510807488524838,False,-0.0006142646474234237,False,0.0058827441187467855,True,-0.001498120858430596,False,True
2013-06-05,135.52000427246094,1608.9000244140625,17.5,1.307343363761902,93.73999786376952,-0.25,0.002144557820634496,True,-0.013779732742503992,False,0.07559923218375819,True,3.9302010876873794e-05,True,0.004608298322007043,True,True
2013-06-06,136.52999877929688,1622.56005859375,16.6299991607666,1.3093289136886597,94.76000213623048,-0.21,0.007452733729297778,True,0.008490293972530871,True,-0.04971433367047995,False,0.0015187669756813182,True,0.010881206482886041,True,False
2013-06-07,133.27999877929688,1643.3800048828125,15.140000343322754,1.3245558738708496,96.02999877929688,-0.22,-0.023804292309807185,False,0.012831541229424204,True,-0.08959704706173677,False,0.011629591329570754,True,0.013402243715028517,True,True
2013-06-10,133.94000244140625,1642.81005859375,15.4399995803833,1.3224014043807983,95.7699966430664,-0.21,0.0049520083144831695,True,-0.00034681344994402785,False,0.019815008603540463,True,-0.0016265599153285626,False,-0.0027075095234357915,False,False
2013-06-11,133.25,1626.1300048828125,17.06999969482422,1.3224014043807983,95.37999725341795,-0.12,-0.005151578533889478,False,-0.010153367167240024,False,0.10556995846760597,True,0.0,False,-0.004072250217382556,False,True
2013-06-12,134.25,1612.52001953125,18.59000015258789,1.3224014043807983,95.87999725341795,-0.04,0.007504690431519689,True,-0.008369555515669425,False,0.08904513678606274,True,0.0,False,0.005242189289139221,True,False
2013-06-13,133.74000549316406,1636.3599853515625,16.40999984741211,1.3339558839797974,96.69000244140624,0.03,-0.0037988417641410255,False,0.014784291377196501,True,-0.11726736349016686,False,0.008737497979601105,True,0.008448114426280018,True,True
2013-06-14,134.42999267578125,1626.72998046875,17.149999618530273,1.3367911577224731,97.8499984741211,0.08,0.005159168194085684,True,-0.005885016114436148,False,0.045094441072457636,True,0.00212546290077964,True,0.011997062813374315,True,False
2013-06-17,133.77000427246094,1639.0400390625,16.799999237060547,1.3348639011383057,97.7699966430664,0.11,-0.004909532390677707,False,0.007567364431436019,True,-0.02040818596238081,False,-0.0014417035698014447,False,-0.0008175966510193255,False,False
2013-06-18,132.1300048828125,1651.81005859375,16.610000610351562,1.336308836936951,98.44000244140624,0.12,-0.012259844040283574,False,0.007791157767295331,True,-0.01130944257960742,False,0.0010824592660068078,True,0.006852877378996425,True,False
2013-06-19,130.58999633789062,1628.9300537109375,16.639999389648438,1.3389928340911863,98.23999786376952,0.1,-0.011655252312203657,False,-0.013851474486292426,False,0.0018060673205622102,True,0.0020085156066074195,True,-0.002031740884563371,False,False
2013-06-20,123.5999984741211,1588.18994140625,20.489999771118164,1.329186201095581,95.4000015258789,0.08,-0.053526288841325154,False,-0.02501035094286319,False,0.23137022371916482,True,-0.00732388758619551,False,-0.028908758139722934,False,True
2013-06-21,125.0500030517578,1592.4300537109375,18.89999961853028,1.323556661605835,93.69000244140624,0.09,0.011731428766484253,True,0.002669776576555538,True,-0.07759883701068071,False,-0.004235327966168989,False,-0.01792451841846987,False,False
2013-06-24,123.93000030517578,1573.0899658203125,20.11000061035156,1.3105300664901731,95.18000030517578,0.11,-0.008956439178321784,False,-0.012145015629135836,False,0.06402121779065784,True,-0.009842113672607788,False,0.015903488365275553,True,False
2013-06-25,123.47000122070312,1588.030029296875,18.46999931335449,1.313232183456421,95.31999969482422,0.05,-0.003711765378358045,False,0.009497272121224087,True,-0.08155152895186313,False,0.0020618504186511455,True,0.0014708908300016255,True,False
2013-06-26,118.27999877929688,1603.260009765625,17.209999084472656,1.307976007461548,95.5,-0.02,-0.04203452166594779,False,0.009590486444071455,True,-0.0682187480088754,False,-0.004002472724235706,False,0.0018883792042809766,True,False
2013-06-27,115.94000244140624,1613.199951171875,16.860000610351562,1.301337718963623,97.0500030517578,-0.07,-0.019783533666219655,False,0.0061998311850259835,True,-0.02033692578385271,False,-0.005075237206230043,False,0.01623039844772567,True,True
2013-06-28,119.11000061035156,1606.280029296875,16.860000610351562,1.303593993186951,96.55999755859376,-0.14,0.02734171211137748,True,-0.004289562412875814,False,0.0,False,0.0017338114391434178,True,-0.005049000285993865,False,True
2013-07-01,121.12999725341795,1614.9599609375,16.3700008392334,1.3014055490493774,97.98999786376952,-0.19,0.016959085154188536,True,0.005403747467634501,True,-0.029062856072337162,False,-0.0016787774023285795,False,0.014809448439639938,True,False
2013-07-02,120.0500030517578,1614.0799560546875,16.440000534057617,1.306762456893921,99.5999984741211,-0.23,-0.00891599295095069,False,-0.0005449081736377259,False,0.00427609598262535,True,0.004116247889411895,True,0.016430254571388803,True,True
2013-07-03,120.73999786376952,1615.4100341796875,16.200000762939453,1.2978922128677368,101.23999786376952,-0.28,0.005747561803178369,True,0.0008240472350893313,True,-0.014598525749495717,False,-0.006787954443738808,False,0.016465857578045417,True,False
2013-07-05,118.08999633789062,1631.8900146484375,14.890000343322754,1.2907721996307373,103.22000122070312,-0.45,-0.021948000437012394,False,0.010201732142340214,True,-0.08086421962482693,False,-0.005485827841795632,False,0.019557520730076883,True,True
2013-07-08,119.51000213623048,1640.4599609375,14.779999732971191,1.2829065322875977,103.13999938964844,-0.58,0.012024776377135282,True,0.0052515464964768555,True,-0.007387549215261857,False,-0.006093768788473897,False,-0.0007750613263763917,False,True
2013-07-09,120.62000274658205,1652.3199462890625,14.350000381469728,1.2871006727218628,103.52999877929688,-0.7,0.009287930637690511,True,0.007229670722828763,True,-0.029093326066997216,False,0.0032692486387035924,True,0.0037812622838504506,True,True
2013-07-10,120.9499969482422,1652.6199951171875,14.210000038146973,1.278183937072754,106.5199966430664,-0.78,0.0027358165656277134,True,0.00018159245054127915,True,-0.00975612122655689,False,-0.006927768618326113,False,0.028880497430928687,True,True
2013-07-11,124.23999786376952,1675.02001953125,14.010000228881836,1.3187741041183472,104.91000366210938,-0.86,0.027201331116487815,True,0.013554249906357896,True,-0.014074581895019977,False,0.03175612356587054,True,-0.015114467064356818,False,False
2013-07-12,124.12999725341795,1680.18994140625,13.84000015258789,1.3097747564315796,105.9499969482422,-0.94,-0.0008853880573321815,False,0.003086483632862347,True,-0.012134195111823565,False,-0.006824025175095505,False,0.009913194641403278,True,True
2013-07-15,124.18000030517578,1682.5,13.789999961853027,1.3059945106506348,106.31999969482422,-1.03,0.00040282810653535783,True,0.001374879432867404,True,-0.0036127305045956515,False,-0.0028861800568243945,False,0.0034922393321330514,True,True
2013-07-16,124.88999938964844,1676.260009765625,14.420000076293944,1.3058750629425049,106.0,-1.08,0.0057174994582687155,True,-0.003708760911961373,False,0.045685287613029146,True,-9.14611104072538e-05,False,-0.003009778929107698,False,False
2013-07-17,123.31999969482422,1680.9100341796875,13.779999732971191,1.3151146173477173,106.4800033569336,-1.15,-0.01257106015291043,False,0.0027740472164057284,True,-0.0443828252383226,False,0.007075373952231789,True,0.004528333555977371,True,True
2013-07-18,124.01000213623048,1689.3699951171875,13.770000457763672,1.3116990327835083,108.04000091552734,-1.23,0.0055952192921975286,True,0.0050329647425946256,True,-0.0007256368215736719,False,-0.002597176336688767,False,0.014650615227391084,True,True
2013-07-19,125.11000061035156,1692.0899658203125,12.539999961853027,1.3110626935958862,108.0500030517578,-1.2,0.008870239941715985,True,0.0016100503211176065,True,-0.08932465178075988,False,-0.00048512591053129217,False,9.257808354035113e-05,True,True
2013-07-22,128.83999633789062,1695.530029296875,12.289999961853027,1.3159972429275513,106.91000366210938,-1.17,0.029813729592696125,True,0.0020330263437824403,True,-0.01993620420737685,False,0.0037637783118753543,True,-0.01055066503887414,False,True
2013-07-23,129.7100067138672,1692.3900146484375,12.65999984741211,1.3190349340438845,107.2300033569336,-1.1,0.006752642042110235,True,-0.0018519369130487462,False,0.030105767836251074,True,0.0023082807602055055,True,0.002993168869730667,True,False
2013-07-24,127.4800033569336,1685.93994140625,13.18000030517578,1.3223315477371216,105.38999938964844,-1.06,-0.017192222970528803,False,-0.0038112215188927934,False,0.0410742862583815,True,0.0024992618528536514,True,-0.017159413500719478,False,True
2013-07-25,128.6699981689453,1690.25,12.970000267028809,1.319087266921997,105.48999786376952,-1.02,0.009334756673011979,True,0.0025564722015867236,True,-0.015933234695336362,False,-0.002453454899927654,False,0.0009488421548553561,True,True
2013-07-26,128.77999877929688,1691.6500244140625,12.720000267028809,1.3274219036102295,104.6999969482422,-0.96,0.0008549048878288001,True,0.0008282942843145236,True,-0.01927525018141507,False,0.006318487712856813,True,-0.007488870333920428,False,False
2013-07-29,128.47000122070312,1685.3299560546875,13.390000343322754,1.3287447690963743,104.5500030517578,-0.91,-0.002407187152758228,False,-0.003736037754951127,False,0.052672960867039986,True,0.0009965674685243897,True,-0.0014326065029262036,False,False
2013-07-30,128.1199951171875,1685.9599609375,13.390000343322754,1.3263654708862305,103.08000183105467,-0.89,-0.0027244189319679535,False,0.00037381693747806644,True,0.0,False,-0.0017906359938199001,False,-0.014060269515012824,False,False
2013-07-31,127.95999908447266,1685.72998046875,13.449999809265137,1.3264886140823364,105.02999877929688,-0.86,-0.0012487983048118378,False,-0.00013640921141577778,False,0.004480915937564056,True,9.284258283925872e-05,True,0.018917315809114932,True,False
2013-08-01,126.61000061035156,1706.8699951171875,12.9399995803833,1.3301409482955933,107.88999938964844,-0.87,-0.010550160079556559,False,0.01254056989753427,True,-0.03791823316833942,False,0.002753385271824227,True,0.027230321275746983,True,False
2013-08-02,126.36000061035156,1709.6700439453125,11.979999542236328,1.3211959600448608,106.94000244140624,-0.88,-0.001974567560183438,False,0.0016404581697111453,True,-0.07418856795036588,False,-0.006724842402750064,False,-0.008805236385360016,False,False
2013-08-05,125.6999969482422,1707.1400146484375,11.84000015258789,1.3278977870941162,106.55999755859376,-0.92,-0.005223200846164677,False,-0.0014798348405500317,False,-0.011686093071611503,False,0.005072545823579189,True,-0.0035534400050222237,False,False
2013-08-06,123.97000122070312,1697.3699951171875,12.720000267028809,1.3257501125335691,105.3000030517578,-0.93,-0.013762893950199695,False,-0.005723033522392118,False,0.07432433303208819,True,-0.001617349303101756,False,-0.011824273045268563,False,True
2013-08-07,124.1500015258789,1690.9100341796875,12.979999542236328,1.3308136463165283,104.37000274658205,-0.93,0.0014519666322767577,True,-0.0038058649299111957,False,0.020440194162688607,True,0.003819372697078327,True,-0.008831911474101561,False,True
2013-08-08,126.86000061035156,1697.47998046875,12.729999542236328,1.334098219871521,103.4000015258789,-0.92,0.02182842570410881,True,0.003885449938943575,True,-0.019260401295586482,False,0.0024680942850892063,True,-0.009293869839769653,False,False
2013-08-09,126.86000061035156,1691.4200439453125,13.40999984741211,1.3380074501037598,105.97000122070312,-0.91,0.0,False,-0.003569960525698801,False,0.053417150795617596,True,0.002930241697358227,True,0.024854928983545577,True,True
2013-08-12,129.1300048828125,1689.469970703125,12.8100004196167,1.3339380025863647,106.11000061035156,-0.9,0.017893774724416334,True,-0.0011529207361400395,False,-0.04474268714560792,False,-0.0030414236610412093,False,0.0013211228464258262,True,False
2013-08-13,127.73999786376952,1694.1600341796875,12.3100004196167,1.3292922973632812,106.83000183105467,-0.93,-0.010764399957271298,False,0.002776056134700333,True,-0.039032004966551015,False,-0.003482699506330844,False,0.006785422830662746,True,True
2013-08-14,129.0,1685.3900146484375,13.039999961853027,1.326559066772461,106.8499984741211,-0.95,0.00986380270316145,True,-0.005176618120080079,False,0.05930134178330593,True,-0.002056154689410117,False,0.00018718190324507056,True,True
2013-08-15,131.69000244140625,1661.3199462890625,14.729999542236328,1.3264182806015017,107.33000183105467,-0.89,0.020852732103924465,True,-0.014281601380197961,False,0.1296011951938032,True,-0.00010612883699312459,False,0.004492310377054665,True,True
2013-08-16,132.5800018310547,1655.8299560546875,14.369999885559082,1.33539879322052,107.45999908447266,-0.85,0.006758291238125214,True,-0.0033045953891290836,False,-0.024439895985400084,False,0.006770498228466648,True,0.001211192128950156,True,False
2013-08-19,132.00999450683594,1646.06005859375,15.100000381469728,1.332906723022461,107.0999984741211,-0.8,-0.004299346178506691,False,-0.005900302398330837,False,0.05080031327239265,True,-0.0018661617868090952,False,-0.0033500894604379106,False,True
2013-08-20,132.4499969482422,1652.3499755859375,14.90999984741211,1.3333866596221924,104.97000122070312,-0.77,0.0033330994600069275,True,0.0038211953199089876,True,-0.012582816507129446,False,0.00036006765622964565,True,-0.01988792982039722,False,False
2013-08-21,132.07000732421875,1642.800048828125,15.9399995803833,1.3421016931533811,103.8499984741211,-0.77,-0.002868928899801504,False,-0.005779602928505545,False,0.06908113638579039,True,0.006536013742374003,True,-0.010669741198032212,False,True
2013-08-22,132.80999755859375,1656.9599609375,14.760000228881836,1.334294080734253,105.02999877929688,-0.8,0.0056030150173187465,True,0.008619376484360286,True,-0.07402756477821004,False,-0.005817452178890847,False,0.01136254523364122,True,True
2013-08-23,134.89999389648438,1663.5,13.979999542236328,1.335505723953247,106.41999816894533,-0.82,0.01573673952496346,True,0.003947010921615535,True,-0.05284557415651192,False,0.0009080780889976214,True,0.013234308348125445,True,True
2013-08-26,135.4499969482422,1656.780029296875,14.989999771118164,1.33865225315094,105.91999816894533,-0.82,0.004077116950649051,True,-0.00403965777164117,False,0.07224608454602777,True,0.002356058189237009,True,-0.004698365049830566,False,True
2013-08-27,136.75,1630.47998046875,16.770000457763672,1.3379179239273071,109.01000213623048,-0.75,0.009597660251366102,True,-0.015874194741040237,False,0.11874587817373472,True,-0.0005485586132651932,False,0.029172998684880103,True,False
2013-08-28,136.7100067138672,1634.9599609375,16.489999771118164,1.3392080068588257,110.0999984741211,-0.71,-0.0002924554744629937,False,0.002747645185721348,True,-0.016696522301875127,False,0.0009642466914050463,True,0.009999048862767923,True,False
2013-08-29,135.8699951171875,1638.1700439453125,16.809999465942383,1.3334933519363403,108.8000030517578,-0.67,-0.0061444777662679195,False,0.0019634016027962886,True,0.019405682187133122,True,-0.004267189931076776,False,-0.011807406361307615,False,False
2013-08-30,134.6199951171875,1632.969970703125,17.010000228881836,1.3236267566680908,107.6500015258789,-0.63,-0.009199970890717113,False,-0.0031743183568806455,False,0.01189772571644987,True,-0.007399058460938246,False,-0.010569866669321915,False,True
2013-09-03,136.4199981689453,1639.77001953125,16.610000610351562,1.319000244140625,108.54000091552734,-0.6,0.013370993292570743,True,0.004164221602432239,True,-0.02351555632851199,False,-0.0034953301632493217,False,0.008267527886978154,True,False
2013-09-04,134.66000366210938,1653.0799560546875,15.880000114440918,1.317401647567749,107.2300033569336,-0.58,-0.012901294021836374,False,0.008116953209842404,True,-0.04394945629656988,False,-0.001211975949191313,False,-0.0120692606186108,False,False
2013-09-05,132.1999969482422,1655.0799560546875,15.770000457763672,1.320062279701233,108.37000274658205,-0.59,-0.01826828046165707,False,0.0012098628337211537,True,-0.006926930471317538,False,0.002019605894979737,True,0.010631347141282443,True,True
2013-09-06,134.14999389648438,1655.1700439453125,15.850000381469728,1.3118367195129397,110.52999877929688,-0.59,0.014750355470928067,True,5.443114110303959e-05,True,0.005072918286864958,True,-0.006231190993621127,False,0.019931678305535216,True,False
2013-09-09,133.91000366210938,1671.7099609375,15.630000114440918,1.3174188137054443,109.5199966430664,-0.61,-0.0017889694021170355,False,0.009992880823750605,True,-0.013880142696148678,False,0.0042551745270380525,True,-0.009137810073147734,False,False
2013-09-10,131.74000549316406,1683.989990234375,14.529999732971191,1.3258028030395508,107.38999938964844,-0.7,-0.016204899631104497,False,0.007345789391592916,True,-0.07037750309761104,False,0.006363951422953429,True,-0.019448478074372,False,False
2013-09-11,131.6999969482422,1689.1300048828125,13.81999969482422,1.326629400253296,107.55999755859376,-0.77,-0.00030369320824075174,False,0.0030522833735622257,True,-0.04886442196800955,False,0.0006234692005855358,True,0.0015829981368051804,True,False
2013-09-12,127.66999816894533,1683.4200439453125,14.289999961853027,1.3315579891204834,108.5999984741211,-0.82,-0.030599839579955712,False,-0.0033804153149811222,False,0.03400870314091464,True,0.003715121092783269,True,0.00966903067249314,True,True
2013-09-13,127.81999969482422,1687.989990234375,14.15999984741211,1.3298933506011963,108.20999908447266,-0.87,0.0011749160180953844,True,0.002714679741101511,True,-0.009097278851501134,False,-0.001250143465690634,False,-0.0035911546512716885,False,False
2013-09-16,126.4499969482422,1697.5999755859375,14.380000114440918,1.3359339237213137,106.58999633789062,-0.94,-0.010718218978664984,False,0.0056931530442476674,True,0.015536742189232067,True,0.004542148524456335,True,-0.014970915444860067,False,True
2013-09-17,126.5,1704.760009765625,14.529999732971191,1.3337956666946411,105.41999816894533,-0.99,0.0003954373504513331,True,0.004217739327674108,True,0.010431127770272886,True,-0.0016005709479375296,False,-0.010976622658250168,False,True
2013-09-18,132.00999450683594,1725.52001953125,13.59000015258789,1.3357912302017212,108.06999969482422,-1.04,0.04355726882874267,True,0.012177672896303449,True,-0.0646937094052571,False,0.0014961538389350881,True,0.025137559968764434,True,False
2013-09-19,131.75,1722.3399658203125,13.15999984741211,1.3523015975952148,106.38999938964844,-1.06,-0.0019695062317609535,False,-0.0018429538196846895,False,-0.031640934536258825,False,0.012359990858002767,True,-0.015545482649392817,False,False
2013-09-20,127.95999908447266,1709.9100341796875,13.119999885559082,1.353417992591858,104.68000030517578,-1.08,-0.028766610364533873,False,-0.007216886263627376,False,-0.0030395108143480565,False,0.0008255517841790905,True,-0.016072930672833885,False,False
2013-09-23,127.5500030517578,1701.8399658203125,14.3100004196167,1.3534547090530396,103.58999633789062,-1.06,-0.0032040953082861368,False,-0.004719586526811925,False,0.09070126100895992,True,2.712869297050169e-05,True,-0.010412724150816288,False,True
2013-09-24,127.66000366210938,1697.4200439453125,14.079999923706056,1.349892020225525,103.12999725341795,-0.99,0.000862411663815843,True,-0.0025971430708935372,False,-0.016072710633561527,False,-0.002632292609190734,False,-0.004440574386857188,False,True
2013-09-25,128.7899932861328,1692.77001953125,14.010000228881836,1.347182273864746,102.66000366210938,-0.93,0.0088515556290778,True,-0.00273946595048713,False,-0.004971569261613684,False,-0.002007380086835431,False,-0.004557292774416299,False,False
2013-09-26,127.79000091552734,1698.6700439453125,14.0600004196167,1.351698398590088,103.02999877929688,-0.9,-0.007764519160924133,False,0.0034854258676535466,True,0.0035688929277664094,True,0.003352274456808413,True,0.0036040824468046573,True,True
2013-09-27,128.97000122070312,1691.75,15.460000038146973,1.348617672920227,102.87000274658205,-0.85,0.009233901688096902,True,-0.004073801130465626,False,0.09957322736470009,True,-0.002279151675458224,False,-0.0015529072562405766,False,False
2013-09-30,128.17999267578125,1681.550048828125,16.600000381469727,1.349545955657959,102.33000183105467,-0.78,-0.006125521729428818,False,-0.0060292307798877065,False,0.0737387024909344,True,0.0006883216469510955,True,-0.005249352591713774,False,False
2013-10-01,124.58999633789062,1695.0,15.539999961853027,1.3525211811065674,102.04000091552734,-0.72,-0.028007462498232272,False,0.007998543475556064,True,-0.06385544549745659,False,0.002204612177995724,True,-0.0028339774292793773,False,True
2013-10-02,127.05999755859376,1693.8699951171875,16.600000381469727,1.352338194847107,104.0999984741211,-0.65,0.019825036466045276,True,-0.0006666695473820372,False,0.06821109538087167,True,-0.0001352927126144765,False,0.02018813739818648,True,True
2013-10-03,127.18000030517578,1678.6600341796875,17.670000076293945,1.3591018915176392,103.30999755859376,-0.58,0.0009444573342343165,True,-0.008979414583967338,False,0.06445781145997076,True,0.005001483132181184,True,-0.007588865774322939,False,False
2013-10-04,126.52999877929688,1690.5,16.739999771118164,1.362416386604309,103.83999633789062,-0.54,-0.005110878473967517,False,0.0070532243451535415,True,-0.052631595990962565,False,0.002438739219889463,True,0.005130178993531187,True,True
2013-10-07,127.63999938964844,1676.1199951171875,19.40999984741211,1.356999397277832,103.02999877929688,-0.51,0.008772628001741278,True,-0.008506361953748875,False,0.1594982146236672,True,-0.003976015981412506,False,-0.007800439013480487,False,False
2013-10-09,126.11000061035156,1656.4000244140625,19.600000381469727,1.3598041534423828,101.61000061035156,-0.48,-0.01198682847550181,False,-0.011765249958578416,False,0.009788796267453215,True,0.0020668809213748585,True,-0.013782375868868324,False,False
2013-10-10,124.2699966430664,1692.56005859375,16.479999542236328,1.352027416229248,103.01000213623048,-0.49,-0.014590468308459559,False,0.02183049604365883,True,-0.15918371318926683,False,-0.0057190126927085805,False,0.013778186374071355,True,False
2013-10-11,122.5999984741211,1703.199951171875,15.720000267028809,1.3526674509048462,102.0199966430664,-0.54,-0.013438466355977674,False,0.006286271807078414,True,-0.04611646215521603,False,0.00047338882918745995,True,-0.009610770533280855,False,True
2013-10-14,122.83000183105467,1710.1400146484375,16.06999969482422,1.3556748628616333,102.41000366210938,-0.6,0.0018760469803931201,True,0.004074720335558668,True,0.02226459426527505,True,0.0022233195267435946,True,0.0038228487735347816,True,True
2013-10-15,123.7300033569336,1698.06005859375,18.65999984741211,1.3558586835861206,101.20999908447266,-0.65,0.007327212508852821,True,-0.007063723409320266,False,0.1611698943231512,True,0.0001355935184188528,True,-0.011717649982671663,False,False
2013-10-16,123.54000091552734,1721.5400390625,14.710000038146973,1.3521736860275269,102.29000091552734,-0.72,-0.0015356214034694116,False,0.013827532394934838,True,-0.2116827353464823,False,-0.002717833062695907,False,0.010670900512046222,True,True
2013-10-17,127.41999816894533,1733.1500244140625,13.479999542236328,1.3522467613220217,100.66999816894533,-0.81,0.031406809330291274,True,0.0067439531397044394,True,-0.08361662085118449,False,5.404283136845045e-05,True,-0.015837351960919843,False,False
2013-10-18,126.8499984741211,1744.5,13.039999961853027,1.366698980331421,100.80999755859376,-0.88,-0.004473392740662829,False,0.006548755402622897,True,-0.032640919534504986,False,0.010687560453293221,True,0.001390676390134571,True,True
2013-10-21,126.9800033569336,1744.6600341796875,13.15999984741211,1.3681949377059937,99.22000122070312,-0.97,0.0010248709844409287,True,9.173641713244862e-05,True,0.009202445238506662,True,0.0010945770766654928,True,-0.015772208872106064,False,True
2013-10-22,129.33999633789062,1754.6700439453125,13.329999923706056,1.36759614944458,97.8000030517578,-1.04,0.01858554826403047,True,0.005737513079636436,True,0.012917939077892626,True,-0.00043764835325110774,False,-0.014311612089045522,False,False
2013-10-23,128.69000244140625,1746.3800048828125,13.420000076293944,1.3778469562530518,96.86000061035156,-1.07,-0.00502546710134677,False,-0.004724557241463034,False,0.0067516994075769166,True,0.007495492593069031,True,-0.009611476606077085,False,True
2013-10-24,129.89999389648438,1752.0699462890625,13.199999809265137,1.3780938386917114,97.11000061035156,-1.08,0.009402373394382657,True,0.003258134764679621,True,-0.01639346242757711,False,0.00017917987011495384,True,0.002581044790673781,True,True
2013-10-25,130.4600067138672,1759.77001953125,13.09000015258789,1.380395531654358,97.8499984741211,-1.08,0.004311107341768539,True,0.004394843515520774,True,-0.008333307444446825,False,0.001670200459521487,True,0.007620202441751989,True,True
2013-10-28,130.55999755859375,1762.1099853515625,13.3100004196167,1.3805290460586548,98.68000030517578,-1.08,0.0007664482567892872,True,0.001329699787098182,True,0.016806742892612858,True,9.672184619202717e-05,True,0.008482389821132141,True,False
2013-10-29,129.77000427246094,1771.949951171875,13.40999984741211,1.3789299726486206,98.1999969482422,-1.08,-0.006050806532669206,False,0.00558419502875096,True,0.007513104781576629,True,-0.0011583047923543477,False,-0.0048642415428570285,False,False
2013-10-30,129.60000610351562,1763.31005859375,13.649999618530272,1.374306082725525,96.7699966430664,-1.05,-0.0013099958645943488,False,-0.004875923596155185,False,0.01789707485824299,True,-0.0033532449180245782,False,-0.014562121686515939,False,False
2013-10-31,127.73999786376952,1756.5400390625,13.75,1.3724011182785034,96.37999725341795,-1.0,-0.014351914754235917,False,-0.0038393812241105385,False,0.007326035477244641,True,-0.001386128222065075,False,-0.004030168473467599,False,False
2013-11-01,126.9499969482422,1761.6400146484375,13.279999732971191,1.3579760789871216,94.61000061035156,-0.99,-0.006184444408475875,False,0.002903421198789946,True,-0.034181837602095144,False,-0.010510804093103787,False,-0.018364771669503455,False,False
2013-11-04,126.80999755859376,1767.9300537109375,12.93000030517578,1.349400281906128,94.62000274658205,-0.97,-0.0011027915952256384,False,0.003570558689741876,True,-0.026355379128995327,False,-0.0063151311821266765,False,0.00010571965083983059,True,False
2013-11-05,126.55999755859376,1762.969970703125,13.270000457763672,1.351698398590088,93.37000274658205,-0.98,-0.001971453393369016,False,-0.0028055878101066467,False,0.026295448148736078,True,0.001703065217026456,True,-0.013210737304117814,False,True
2013-11-06,127.1999969482422,1770.489990234375,12.670000076293944,1.3473094701766968,94.8000030517578,-1.02,0.005056885287565871,True,0.004265540341705787,True,-0.04521479734529288,False,-0.0032469731546393987,False,0.015315414620442391,True,False
2013-11-07,126.16000366210938,1747.1500244140625,13.90999984741211,1.351807951927185,94.1999969482422,-1.03,-0.008176048043114337,False,-0.013182771972194418,False,0.0978689631926879,True,0.0033388630081390147,True,-0.006329178103380517,False,False
2013-11-08,124.27999877929688,1770.6099853515625,12.899999618530272,1.3409138917922974,94.5999984741211,-1.1,-0.014901750382376844,False,0.013427559516743681,True,-0.07260965060828117,False,-0.008058881529256268,False,0.004246300836916905,True,False
2013-11-11,123.87000274658205,1771.8900146484375,12.529999732971191,1.3347926139831543,95.13999938964844,-1.17,-0.0032989703632273493,False,0.000722931253898329,True,-0.028682162519415244,False,-0.004565004394846861,False,0.005708255013080921,True,False
2013-11-12,122.4499969482422,1767.68994140625,12.81999969482422,1.3409318923950195,93.04000091552734,-1.22,-0.01146367778198043,False,-0.0023703916199453445,False,0.023144450760835156,True,0.004599424920059381,True,-0.02207271902031971,False,True
2013-11-13,122.8499984741211,1782.0,12.520000457763672,1.3439956903457642,93.87999725341795,-1.29,0.003266651987324787,True,0.008095344244797742,True,-0.023400877082833782,False,0.0022848274160087723,True,0.009028335443088231,True,True
2013-11-14,124.2699966430664,1790.6199951171875,12.369999885559082,1.3489633798599243,93.76000213623048,-1.39,0.01155879679757943,True,0.00483725876385388,True,-0.01198087593611663,False,0.0036962094073993423,True,-0.0012781755506826586,False,True
2013-11-15,124.31999969482422,1798.1800537109375,12.1899995803833,1.3448994159698486,93.83999633789062,-1.46,0.000402374290726204,True,0.004222034052096646,True,-0.014551358677530435,False,-0.0030126569414342663,False,0.0008531804590181657,True,False
2013-11-18,122.9000015258789,1791.530029296875,13.100000381469728,1.3483994007110596,93.02999877929688,-1.52,-0.011422121721614165,False,-0.00369819718572606,False,0.0746514218549148,True,0.0026024137564868433,True,-0.008631687875148453,False,True
2013-11-19,122.9499969482422,1787.8699951171875,13.390000343322754,1.350438952445984,93.33999633789062,-1.59,0.0004067975731698592,True,-0.0020429655768170463,False,0.022137401023532677,True,0.0015125724127800222,True,0.0033322322117748104,True,False
2013-11-20,120.12000274658205,1781.3699951171875,13.399999618530272,1.3567416667938232,93.33000183105467,-1.65,-0.02301744019441898,False,-0.0036356111002209257,False,0.000746771841010796,True,0.004667159767883788,True,-0.00010707635770379476,False,False
2013-11-21,119.94000244140624,1795.8499755859375,12.65999984741211,1.3433817625045776,95.44000244140624,-1.76,-0.0014985040048288711,False,0.00812856425584818,True,-0.055223865088387725,False,-0.00984705092813798,False,0.022607956380104488,True,False
2013-11-22,119.91999816894533,1804.760009765625,12.260000228881836,1.347182273864746,94.83999633789062,-1.78,-0.00016678565994432404,False,0.004961457973002625,True,-0.03159554686819677,False,0.0028290627923091005,True,-0.006286736045338803,False,True
2013-11-25,120.45999908447266,1802.47998046875,12.789999961853027,1.355233907699585,94.08999633789062,-1.8,0.004503009704574623,True,-0.0012633420978621634,False,0.043229993725663274,True,0.0059766476972271665,True,-0.007908055978070094,False,False
2013-11-26,119.81999969482422,1802.75,12.8100004196167,1.3527590036392212,93.68000030517578,-1.82,-0.005312961933526483,False,0.00014980445507073448,True,0.0015637574529574483,True,-0.0018261822157067398,False,-0.004357488029253287,False,False
2013-11-27,119.45999908447266,1807.22998046875,12.979999542236328,1.3567785024642944,92.3000030517578,-1.84,-0.0030045118616964794,False,0.0024850813860768373,True,0.013270813196797349,True,0.00297133400277505,True,-0.014730969779274683,False,True
2013-11-29,120.6999969482422,1805.81005859375,13.699999809265137,1.360396146774292,92.72000122070312,-1.82,0.010380025726374864,True,-0.0007856896412440362,False,0.05546997630361705,True,0.0026663484890325773,True,0.00455035920973712,True,False
2013-12-02,117.58000183105467,1800.9000244140625,14.229999542236328,1.3585110902786257,93.81999969482422,-1.83,-0.025849173124050884,False,-0.002719020284730922,False,0.0386861124343052,True,-0.001385667329429019,False,0.011863658969360369,True,True
2013-12-03,117.95999908447266,1795.1500244140625,14.550000190734863,1.3542062044143677,96.04000091552734,-1.8,0.0032318187404349885,True,-0.0031928479771501372,False,0.022487748333985147,True,-0.0031688264417297773,False,0.023662345213433245,True,True
2013-12-04,119.95999908447266,1792.81005859375,14.699999809265137,1.3590649366378784,97.1999969482422,-1.78,0.016954900097682968,True,-0.0013034931835718133,False,0.01030925199752164,True,0.003587882116971919,True,0.012078259284224124,True,False
2013-12-05,118.3000030517578,1785.030029296875,15.079999923706056,1.3586403131484983,97.37999725341795,-1.73,-0.013837913015870673,False,-0.004339572538419101,False,0.025850348256563516,True,-0.00031243796961644144,False,0.0018518550496622321,True,True
2013-12-06,118.5500030517578,1805.0899658203125,13.789999961853027,1.3669979572296145,97.6500015258789,-1.71,0.0021132712895250982,True,0.011237870620775636,True,-0.08554376448139922,False,0.006151476590406935,True,0.002772687205549129,True,True
2013-12-09,119.72000122070312,1808.3699951171875,13.489999771118164,1.3706516027450562,97.33999633789062,-1.7,0.009869237780065765,True,0.0018171001772671058,True,-0.021754908742911305,False,0.002672751262076556,True,-0.003174656253396191,False,True
2013-12-10,121.81999969482422,1802.6199951171875,13.90999984741211,1.3740227222442627,98.51000213623048,-1.69,0.01754091590969642,True,-0.003179659038540561,False,0.031134179645663007,True,0.002459501373255568,True,0.012019784696503333,True,False
2013-12-11,120.86000061035156,1782.219970703125,15.420000076293944,1.37644362449646,97.44000244140624,-1.64,-0.007880471900160724,False,-0.01131687458772268,False,0.10855501405075585,True,0.0017619084553732733,True,-0.010861838103957577,False,False
2013-12-12,118.29000091552734,1775.5,15.539999961853027,1.3786067962646484,97.5,-1.61,-0.02126427007980758,False,-0.0037705618911193506,False,0.0077820937072217156,True,0.0015715658307327018,True,0.0006157384758875839,True,True
2013-12-13,119.37999725341795,1775.3199462890625,15.760000228881836,1.375080704689026,96.5999984741211,-1.59,0.009214610951512325,True,-0.00010141014414954963,False,0.014157031375087392,True,-0.0025577210160114827,False,-0.009230784880809306,False,True
2013-12-16,119.69000244140624,1786.5400390625,16.030000686645508,1.3739283084869385,97.4800033569336,-1.57,0.002596793391862917,True,0.006320039831068547,True,0.017132008492542372,True,-0.0008380571395976144,False,0.009109781539471173,True,False
2013-12-17,118.6500015258789,1781.0,16.209999084472656,1.3762919902801514,97.22000122070312,-1.57,-0.008689121015236445,False,-0.003100987910356179,False,0.011228845297374335,True,0.0017203821906952577,True,-0.002667235610142926,False,False
2013-12-18,117.61000061035156,1810.6500244140625,13.800000190734863,1.3771259784698486,97.8000030517578,-1.61,-0.00876528362539053,False,0.01664796429762072,True,-0.14867359838695482,False,0.0006059674804381743,True,0.005965869407242419,True,False
2013-12-19,114.81999969482422,1809.5999755859373,14.149999618530272,1.3684945106506348,98.7699966430664,-1.67,-0.023722480240186083,False,-0.0005799292044109672,False,0.02536227702593763,True,-0.0062677401734911875,False,0.009918134570970016,True,True
2013-12-20,115.94000244140624,1818.3199462890625,13.789999961853027,1.3655791282653809,99.31999969482422,-1.7,0.00975442213515798,True,0.0048187283492318045,True,-0.025441672535863713,False,-0.002130357383653525,False,0.005568523544102311,True,False
2013-12-23,115.56999969482422,1827.989990234375,13.039999961853027,1.3678393363952637,98.91000366210938,-1.73,-0.0031913294703354023,False,0.00531812014989308,True,-0.054387237278804124,False,0.0016551279110086359,True,-0.0041280309502076395,False,True
2013-12-24,116.0999984741211,1833.3199462890625,12.479999542236328,1.3699944019317627,99.22000122070312,-1.79,0.004585954665539571,True,0.0029157468493599126,True,-0.0429448175808983,False,0.001575525340701489,True,0.0031341375706823715,True,True
2013-12-26,116.73999786376952,1842.02001953125,12.329999923706056,1.3668484687805176,99.5500030517578,-1.93,0.005512484048749489,True,0.004745529147706984,True,-0.01201920064360773,False,-0.0022963109533945536,False,0.0033259607639051225,True,True
2013-12-27,117.12000274658205,1841.4000244140625,12.460000038146973,1.3696191310882568,100.31999969482422,-1.99,0.0032551386822532447,True,-0.00033658435338035364,False,0.01054339945217464,True,0.0020270442342531503,True,0.007734772671640133,True,False
2013-12-30,115.38999938964844,1841.0699462890625,13.5600004196167,1.3750240802764893,99.29000091552734,-2.04,-0.014771203179331338,False,-0.00017925389411521664,False,0.08828253435810707,True,0.003946315486947016,True,-0.010267132998705741,False,True
2013-12-31,116.12000274658205,1848.3599853515625,13.720000267028809,1.3810056447982788,98.41999816894533,-2.11,0.006326400561529999,True,0.003959675229718407,True,0.011799398411569628,True,0.0043501525592095636,True,-0.00876223928451958,False,True
2014-01-02,118.0,1831.97998046875,14.229999542236328,1.3766709566116333,95.44000244140624,-2.1,0.0161901240867246,True,-0.008861912729460575,False,0.03717195811089913,True,-0.0031387910708204902,False,-0.03027835585227001,False,True
2014-01-03,119.29000091552734,1831.3699951171875,13.760000228881836,1.3666616678237915,93.95999908447266,-2.12,0.010932211148536819,True,-0.00033296507498215,False,-0.033028765177361974,False,-0.007270647165011357,False,-0.015507159671776072,False,True
2014-01-06,119.5,1826.77001953125,13.550000190734863,1.3596007823944092,93.43000030517578,-2.13,0.0017604081051298959,True,-0.0025117674736410134,False,-0.015261630425426054,False,-0.005166520431224009,False,-0.0056406852326637,False,False
2014-01-07,118.81999969482422,1837.8800048828125,12.920000076293944,1.3631964921951294,93.66999816894533,-2.14,-0.0056903791228098966,False,0.006081764662643874,True,-0.04649447273600016,False,0.0026446805910098625,True,0.002568745188757715,True,False
2014-01-08,118.12000274658205,1837.489990234375,12.869999885559082,1.3616372346878052,92.33000183105467,-2.15,-0.005891238428211043,False,-0.0002122089839386998,False,-0.0038699837801552395,False,-0.0011438244715649137,False,-0.014305501911869412,False,True
2014-01-09,118.45999908447266,1838.1300048828125,12.890000343322754,1.3572019338607788,91.66000366210938,-2.16,0.0028783976463329086,True,0.0003483091890779111,True,0.0015540371360929228,True,-0.003257329275402232,False,-0.007256559684372776,False,True
2014-01-10,120.26000213623048,1842.3699951171875,12.140000343322754,1.360710859298706,92.72000122070312,-2.15,0.015195028411862932,True,0.002306686808393188,True,-0.05818463770549964,False,0.0025854114633814262,True,0.011564450319042852,True,True
2014-01-13,121.0199966430664,1819.199951171875,13.279999732971191,1.36718487739563,91.8000030517578,-2.1,0.006319594988656307,True,-0.012576216507389826,False,0.09390439517371685,True,0.00475782055583851,True,-0.009922326971884332,False,False
2014-01-14,119.88999938964844,1838.8800048828125,12.279999732971191,1.3669979572296145,92.58999633789062,-2.06,-0.009337277183627424,False,0.010817971767347556,True,-0.07530120633340298,False,-0.00013671901226097738,False,0.008605591066129126,True,False
2014-01-15,119.66000366210938,1848.3800048828125,12.279999732971191,1.3668484687805176,94.16999816894533,-2.09,-0.0019183895963796882,False,0.005166188100786506,True,0.0,False,-0.00010935528345623613,False,0.017064498256256222,True,True
2014-01-16,119.79000091552734,1845.8900146484373,12.529999732971191,1.359933614730835,93.95999908447266,-2.07,0.0010863885127820883,True,-0.0013471203041568458,False,0.020358306631616863,True,-0.005058976329579523,False,-0.002229999878474276,False,True
2014-01-17,120.93000030517578,1838.699951171875,12.4399995803833,1.3618041276931765,94.37000274658205,-2.03,0.009516648976840125,True,-0.0038951743709019215,False,-0.007182773703583223,False,0.0013754443173401576,True,0.004363597978973788,True,False
2014-01-21,119.6999969482422,1843.800048828125,12.869999885559082,1.3549033403396606,94.98999786376952,-1.94,-0.010171201139746788,False,0.0027737519941737343,True,0.03456594209648123,True,-0.005067386133720597,False,0.0065698325648286815,True,False
2014-01-22,119.19000244140624,1844.8599853515625,12.84000015258789,1.355913758277893,96.7300033569336,-1.9,-0.004260605846602372,False,0.0005748652214816463,True,-0.00233098160357037,False,0.0007457490937907707,True,0.018317775895305477,True,True
2014-01-23,121.79000091552734,1828.4599609375,13.770000457763672,1.354224443435669,97.31999969482422,-1.81,0.02181389731407446,True,-0.00888957673985069,False,0.07242992944889814,True,-0.0012458866442727201,False,0.0060994140123571405,True,True
2014-01-24,122.29000091552734,1790.2900390625,18.13999938964844,1.3689066171646118,96.63999938964844,-1.69,0.00410542734412811,True,-0.02087544856898549,False,0.3173564841401961,True,0.010841758026235437,True,-0.006987261686273394,False,False
2014-01-27,120.95999908447266,1781.56005859375,17.420000076293945,1.3687942028045654,95.72000122070312,-1.62,-0.010875801955168796,False,-0.004876293940238585,False,-0.039691253449840924,False,-8.211981638250876e-05,False,-0.009519848662621788,False,False
2014-01-28,120.9499969482422,1792.5,15.800000190734863,1.367465257644653,97.41000366210938,-1.54,-8.268961893320714e-05,False,0.00614065260021901,True,-0.09299654870631502,False,-0.0009708874841736215,False,0.017655687629062777,True,True
2014-01-29,122.47000122070312,1774.199951171875,17.350000381469727,1.3655046224594116,97.36000061035156,-1.4,0.012567212160504493,True,-0.010209232261157553,False,0.09810127671034996,True,-0.0014337733074246684,False,-0.0005133256326655955,False,False
2014-01-30,119.7699966430664,1794.18994140625,17.290000915527344,1.365859031677246,98.2300033569336,-1.3,-0.02204625255756343,False,0.011267044743841437,True,-0.0034581823990311733,False,0.00025954450245380123,True,0.008935936124979227,True,True
2014-01-31,120.08999633789062,1782.5899658203125,18.40999984741211,1.3558770418167114,97.48999786376952,-1.19,0.002671785119756409,True,-0.0064652996420466735,False,0.06477726272871087,True,-0.0073082138266326035,False,-0.007533395784128705,False,True
2014-02-03,121.31999969482422,1741.8900146484375,21.440000534057617,1.3488178253173828,96.43000030517578,-1.04,0.010242346527122859,True,-0.02283191982018462,False,0.16458450362624166,True,-0.005206383972598316,False,-0.010872885237672825,False,False
2014-02-04,120.98999786376952,1755.199951171875,19.11000061035156,1.3525028228759766,97.19000244140624,-0.92,-0.002720094229185732,False,0.007641088938743268,True,-0.10867536686880364,False,0.002732020210161945,True,0.007881386848752836,True,True
2014-02-05,121.29000091552734,1751.6400146484375,19.950000762939453,1.3515887260437012,97.37999725341795,-0.8,0.0024795690309509233,True,-0.0020282227794392593,False,0.043956050536852365,True,-0.0006758557666679543,False,0.001954880206184395,True,False
2014-02-06,121.23999786376952,1773.4300537109375,17.229999542236328,1.3535096645355225,97.83999633789062,-0.76,-0.0004122602966476485,False,0.012439792925644788,True,-0.13634090810442445,False,0.001421244831957269,True,0.004723753311222545,True,True
2014-02-07,122.16999816894533,1797.02001953125,15.289999961853027,1.3592127561569214,99.87999725341795,-0.78,0.00767073838306076,True,0.013301886798946505,True,-0.11259429088362605,False,0.004213558108102644,True,0.0208503780854834,True,True
2014-02-10,122.91999816894533,1799.8399658203125,15.260000228881836,1.361933946609497,100.05999755859376,-0.79,0.0061389867499452855,True,0.0015692347655638095,True,-0.0019620492508853893,False,0.002002034221831206,True,0.00180216570009617,True,True
2014-02-11,124.36000061035156,1819.75,14.510000228881836,1.364610195159912,99.94000244140624,-0.81,0.011714956580352709,True,0.011062113608869106,True,-0.04914809886965221,False,0.0019650354975566664,True,-0.001199231662156075,False,True
2014-02-12,124.43000030517578,1819.260009765625,14.300000190734863,1.363902926445007,100.37000274658205,-0.86,0.0005628794988796759,True,-0.00026926239009483766,False,-0.014472779795617896,False,-0.0005182935884647799,False,0.004302584497412942,True,True
2014-02-13,125.48999786376952,1829.8299560546875,14.140000343322754,1.3590095043182373,100.3499984741211,-0.88,0.008518826295861093,True,0.005810025082904069,True,-0.011188800369091978,False,-0.00358780821705873,False,-0.00019930528956402238,False,True
2014-02-14,127.1500015258789,1838.6300048828125,13.56999969482422,1.3678767681121826,100.3000030517578,-0.92,0.01322817507664209,True,0.004809216724759979,True,-0.040311218858470665,False,0.006524798955246158,True,-0.0004982104945042698,False,True
2014-02-18,127.4000015258789,1840.760009765625,13.869999885559082,1.3704450130462646,102.43000030517578,-1.07,0.0019661816515914587,True,0.0011584739056558213,True,0.022107604825465588,True,0.0018775411601050784,True,0.02123626309681015,True,False
2014-02-19,126.2699966430664,1828.75,15.5,1.376197338104248,103.30999755859376,-1.11,-0.00886973994723983,False,-0.006524484290135191,False,0.1175198361852916,True,0.004197413981022802,True,0.008591206197365642,True,True
2014-02-20,127.5999984741211,1839.780029296875,14.789999961853027,1.373041749000549,102.91999816894533,-1.14,0.010532999654813135,True,0.006031458262132583,True,-0.04580645407399819,False,-0.0022929771889007577,False,-0.003775040159373133,False,False
2014-02-21,127.58000183105467,1836.25,14.68000030517578,1.372118592262268,102.1999969482422,-1.15,-0.00015671350552937113,False,-0.0019187235651341172,False,-0.007437434547732491,False,-0.0006723442597087459,False,-0.006995736819983445,False,True
2014-02-24,128.99000549316406,1847.6099853515625,14.229999542236328,1.3737962245941162,102.81999969482422,-1.18,0.011051917556613278,True,0.00618651346579302,True,-0.030654002287778814,False,0.001222658406721422,True,0.006066563259253366,True,True
2014-02-25,129.2100067138672,1845.1199951171875,13.670000076293944,1.373607516288757,101.83000183105467,-1.17,0.001705567961347132,True,-0.0013476817370097205,False,-0.039353442301964914,False,-0.00013736266120167873,False,-0.009628456202177782,False,False
2014-02-26,128.11000061035156,1845.1600341796875,14.350000381469728,1.374608278274536,102.58999633789062,-1.15,-0.008513319761305871,False,2.1699977565736717e-05,True,0.04974398693347615,True,0.0007285647274868357,True,0.007463365345871775,True,True
2014-02-27,128.1999969482422,1854.2900390625,14.039999961853027,1.3681949377059937,102.4000015258789,-1.13,0.0007024926817724708,True,0.004948082937896281,True,-0.021602816123754698,False,-0.004665576855533371,False,-0.0018519818578212055,False,False
2014-02-28,127.62000274658205,1859.449951171875,14.0,1.3707455396652222,102.58999633789062,-1.12,-0.00452413584607414,False,0.0027826887923012578,True,-0.0028490001397227793,False,0.001864209469671696,True,0.001855418058404057,True,True
2014-03-03,130.2899932861328,1845.72998046875,16.0,1.377695083618164,104.91999816894533,-1.08,0.02092141108046075,True,-0.007378510346287226,False,0.1428571428571428,True,0.005069900832680663,True,0.022711783938275998,True,False
2014-03-04,128.67999267578125,1873.9100341796875,14.100000381469728,1.373701810836792,103.33000183105467,-1.1,-0.012357054979777349,False,0.01526770113133269,True,-0.11874997615814198,False,-0.0028985171166356904,False,-0.01515436871558451,False,True
2014-03-05,128.88999938964844,1873.81005859375,13.890000343322754,1.374117136001587,101.4499969482422,-1.16,0.0016320075055982208,True,-5.335132643191631e-05,False,-0.01489361932379496,False,0.00030234011596874666,True,-0.018194182226826006,False,True
2014-03-06,130.1699981689453,1877.030029296875,14.210000038146973,1.3734188079833984,101.55999755859376,-1.22,0.009930939447266862,True,0.0017184082710823834,True,0.023038134407106003,True,-0.0005082012296422356,False,0.0010842840183393765,True,False
2014-03-07,129.08999633789062,1878.0400390625,14.109999656677246,1.3863087892532349,102.58000183105467,-1.31,-0.008296856773808758,False,0.0005380892952486782,True,-0.007037324503960218,False,0.00938532456007568,True,0.010043366453139413,True,True
2014-03-10,129.1300048828125,1877.1700439453125,14.199999809265137,1.3878673315048218,101.12000274658205,-1.38,0.0003099275393667611,True,-0.0004632463094992323,False,0.0063784659658230325,True,0.0011242388879511012,True,-0.014232784737878923,False,True
2014-03-11,129.86000061035156,1867.6300048828125,14.800000190734863,1.3878865242004397,100.02999877929688,-1.43,0.005653184387327759,True,-0.005082138985368356,False,0.04225354855837682,True,1.382891230461425e-05,True,-0.01077931109255248,False,True
2014-03-12,131.75999450683594,1868.199951171875,14.470000267028809,1.385809302330017,97.98999786376952,-1.48,0.014631094159512248,True,0.00030517087837123036,True,-0.02229729185494489,False,-0.0014966799044462409,False,-0.020393891236851425,False,True
2014-03-13,132.2100067138672,1846.3399658203125,16.219999313354492,1.3904531002044678,98.1999969482422,-1.49,0.003415393334794903,True,-0.011701095130556172,False,0.12093980746587918,True,0.003350964571130266,True,0.0021430665277146765,True,True
2014-03-14,133.10000610351562,1841.1300048828125,17.81999969482422,1.3865394592285156,98.88999938964844,-1.48,0.006731709737936908,True,-0.0028217776974703845,False,0.0986436775094306,True,-0.0028146515516248583,False,0.007026501658344397,True,False
2014-03-17,131.63999938964844,1858.8299560546875,15.640000343322754,1.39130437374115,98.08000183105467,-1.52,-0.010969246032428437,False,0.009613634629240364,True,-0.12233442137121031,False,0.0034365516833436693,True,-0.008190894565609175,False,False
2014-03-18,130.6199951171875,1872.25,14.520000457763672,1.3926606178283691,99.6999969482422,-1.51,-0.007748437231769989,False,0.0072196189337276895,True,-0.07161124430775656,False,0.0009748004195317961,True,0.016517078782053884,True,False
2014-03-19,128.08999633789062,1860.77001953125,15.119999885559082,1.3930875062942505,100.37000274658205,-1.49,-0.019369153834579822,False,-0.006131649335692324,False,0.041322273338813664,True,0.00030652727621971465,True,0.006720218845018389,True,False
2014-03-20,127.86000061035156,1872.010009765625,14.520000457763672,1.381921648979187,99.43000030517578,-1.5,-0.0017955791561766743,False,0.006040504799839086,True,-0.039682502138671416,False,-0.008015187319255879,False,-0.009365372279401263,False,True
2014-03-21,128.47000122070312,1866.52001953125,15.0,1.378207802772522,99.45999908447266,-1.48,0.0047708478604697735,True,-0.0029326714097337447,False,0.03305781867105084,True,-0.002687450630365684,False,0.0003017075249400758,True,False
2014-03-24,126.18000030517578,1857.43994140625,15.09000015258789,1.3795576095581057,99.5999984741211,-1.44,-0.01782518014920287,False,-0.004864709743258144,False,0.006000010172525938,True,0.0009793927903094524,True,0.0014075949219498618,True,True
2014-03-25,126.41000366210938,1865.6199951171875,14.020000457763672,1.3838915824890137,99.19000244140624,-1.44,0.001822819435546963,True,0.004403939814465518,True,-0.07090786507651003,False,0.00314156719580283,True,-0.0041164260943376,False,False
2014-03-26,125.41000366210938,1852.56005859375,14.93000030517578,1.3819025754928589,100.26000213623048,-1.41,-0.007910766324103369,False,-0.007000319763734719,False,0.06490726231811128,True,-0.0014372563727698129,False,0.010787374417661866,True,False
2014-03-27,124.58999633789062,1849.0400390625,14.619999885559082,1.378207802772522,101.27999877929688,-1.4,-0.006538611755630641,False,-0.0019000838946738874,False,-0.020763590976567436,False,-0.0026736853855411358,False,0.010173515074141326,True,False
2014-03-28,124.55999755859376,1857.6199951171875,14.40999984741211,1.3741360902786257,101.66999816894533,-1.42,-0.00024077999982841103,False,0.0046402218845611465,True,-0.014363887810587506,False,-0.0029543530995146394,False,0.0038507049205076527,True,False
2014-03-31,123.61000061035156,1872.3399658203125,13.880000114440918,1.3752131462097168,101.58000183105467,-1.44,-0.007626822148863011,False,0.007924102207026662,True,-0.03677999573791624,False,0.0007838058680729176,True,-0.000885180874510394,False,False
2014-04-01,123.38999938964844,1885.52001953125,13.100000381469728,1.3775053024291992,99.73999786376952,-1.48,-0.0017798011456744423,False,0.0070393485966973035,True,-0.056195945716143614,False,0.0016667643308965197,True,-0.018113840658768643,False,True
2014-04-02,124.31999969482422,1890.9000244140625,13.09000015258789,1.379481554031372,99.62000274658205,-1.52,0.007537080069503599,True,0.002853326841976367,True,-0.0007633762282925893,False,0.0014346598874703798,True,-0.0012030792035043758,False,False
2014-04-03,123.91999816894533,1888.77001953125,13.369999885559082,1.376822590827942,100.29000091552734,-1.49,-0.003217515499202017,False,-0.0011264502910314222,False,0.021390353682756436,True,-0.0019275090671996287,False,0.006725538551225263,True,True
2014-04-04,125.56999969482422,1865.0899658203125,13.960000038146973,1.3723821640014648,101.13999938964844,-1.44,0.013315054472720078,True,-0.012537288005457836,False,0.04412865801331445,True,-0.003225126356916297,False,0.00847540598625618,True,False
2014-04-07,124.91000366210938,1845.0400390625,15.56999969482422,1.3704074621200562,100.44000244140624,-1.37,-0.00525600091039935,False,-0.010750112394172895,False,0.11532948798551401,True,-0.001438886290718755,False,-0.006921069334254404,False,True
2014-04-08,126.08999633789062,1851.9599609375,14.890000343322754,1.374306082725525,102.55999755859376,-1.3,0.009446742784294582,True,0.0037505537703756975,True,-0.0436736907405022,False,0.002844862358993172,True,0.02110707950673607,True,True
2014-04-09,126.31999969482422,1872.1800537109373,13.81999969482422,1.3793293237686155,103.5999984741211,-1.29,0.0018241205774742753,True,0.010918212704340347,True,-0.07186035082788711,False,0.003655110827370134,True,0.010140414784362228,True,True
2014-04-10,127.01000213623048,1833.0799560546875,15.890000343322754,1.3855020999908447,103.4000015258789,-1.24,0.005462337263087758,True,-0.020884795550912716,False,0.14978297353174153,True,0.0044752011835460515,True,-0.0019304725018132185,False,False
2014-04-11,126.93000030517578,1815.68994140625,17.030000686645508,1.3886381387710571,103.73999786376952,-1.15,-0.000629886069672625,False,-0.009486773662544357,False,0.07174325479494414,True,0.002263467359763016,True,0.0032881656950993765,True,True
2014-04-14,127.8499984741211,1830.6099853515625,16.110000610351562,1.3846195936203003,104.0500030517578,-1.05,0.0072480750550174555,True,0.008217286225508769,True,-0.05402231586610484,False,-0.002893874968977306,False,0.002988289901406871,True,False
2014-04-15,125.48999786376952,1842.97998046875,15.609999656677246,1.381711721420288,103.75,-0.93,-0.018459136789346742,False,0.006757307791485534,True,-0.031036681237183728,False,-0.0021001235381979955,False,-0.0028832584618817547,False,True
2014-04-16,125.54000091552734,1862.31005859375,14.18000030517578,1.38119637966156,103.76000213623048,-0.81,0.0003984624480757315,True,0.010488490558689278,True,-0.0916079040968959,False,-0.00037297342907272046,False,9.640613234207507e-05,True,False
2014-04-17,124.75,1864.8499755859373,13.359999656677246,1.3827050924301147,104.3000030517578,-0.72,-0.006292822285853816,False,0.001363852909705754,True,-0.057827971146039325,False,0.0010923231415682633,True,0.005204326372491019,True,False
2014-04-21,124.23999786376952,1871.8900146484373,13.25,1.3815207481384275,104.37000274658205,-0.67,-0.004088193476797453,False,0.003775123551313042,True,-0.008233507447903965,False,-0.0008565414983796593,False,0.0006711379940180784,True,False
2014-04-22,123.77999877929688,1879.550048828125,13.1899995803833,1.3795006275177002,102.12999725341795,-0.68,-0.003702503963152304,False,0.004092139025126729,True,-0.00452833355597726,False,-0.0014622441417904142,False,-0.021462158035992274,False,False
2014-04-23,123.76000213623048,1875.3900146484373,13.270000457763672,1.3810056447982788,101.44000244140624,-0.66,-0.00016154987286798317,False,-0.002213313863220323,False,0.0060652676213388546,True,0.0010909870213591244,True,-0.006756044556621488,False,True
2014-04-24,124.55999755859376,1878.6099853515625,13.31999969482422,1.381921648979187,101.94000244140624,-0.7,0.006464087011591069,True,0.0017169605671216726,True,0.003767839889658564,True,0.0006632877891254996,True,0.004929021963389735,True,True
2014-04-25,125.43000030517578,1863.4000244140625,14.0600004196167,1.3832024335861206,100.5999984741211,-0.74,0.0069846079289843654,True,-0.008096390978489132,False,0.05555561124224506,True,0.0009268141995457668,True,-0.013145025850429648,False,False
2014-04-28,124.87999725341795,1869.4300537109373,13.970000267028809,1.384063959121704,100.83999633789062,-0.76,-0.004384940209038124,False,0.003236035858038999,True,-0.006401148641668741,False,0.0006228484816570568,True,0.00238566468598167,True,False
2014-04-29,124.86000061035156,1878.3299560546875,13.710000038146973,1.3852909803390503,101.27999877929688,-0.79,-0.00016012686984456792,False,0.004760757069291355,True,-0.018611325977958226,False,0.0008865350544384754,True,0.004363372246979358,True,False
2014-04-30,124.22000122070312,1883.949951171875,13.40999984741211,1.3813681602478027,99.73999786376952,-0.8,-0.005125735916385876,False,0.002992016977140688,True,-0.02188185192561176,False,-0.002831766139333003,False,-0.015205380470859176,False,False
2014-05-01,123.8000030517578,1883.6800537109373,13.25,1.386924147605896,99.41999816894533,-0.79,-0.003381083278200192,False,-0.00014326148142618234,False,-0.011931383238828808,False,0.004022090213152474,True,-0.0032083386973926764,False,True
2014-05-02,125.05999755859376,1881.1400146484373,12.90999984741211,1.3870972394943235,99.76000213623048,-0.78,0.010177661355219803,True,-0.0013484450597095465,False,-0.025660388874557793,False,0.00012480270729020582,True,0.003419875010532536,True,True
2014-05-05,126.22000122070312,1884.6600341796875,13.289999961853027,1.387270450592041,99.4800033569336,-0.75,0.009275577200982044,True,0.0018712161263063631,True,0.029434556075311757,True,0.00012487307507047518,True,-0.0028067238702995656,False,False
2014-05-06,125.9800033569336,1867.719970703125,13.800000190734863,1.387597680091858,99.5,-0.69,-0.001901424983746236,False,-0.008988392160571124,False,0.03837473516521572,True,0.0002358801051931536,True,0.00020101168467645536,True,False
2014-05-07,124.16999816894533,1878.2099609375,13.399999618530272,1.3930680751800537,100.7699966430664,-0.66,-0.014367400696601473,False,0.005616468420812426,True,-0.028985548309857778,False,0.003942349548922364,True,0.012763785357451374,True,False
2014-05-08,124.16999816894533,1875.6300048828125,13.43000030517578,1.3911689519882202,100.26000213623048,-0.64,0.0,False,-0.0013736249452109828,False,0.0022388572760869696,True,-0.0013632666096292656,False,-0.005060975725169059,False,False
2014-05-09,124.0999984741211,1878.47998046875,12.920000076293944,1.3844279050827026,99.98999786376952,-0.65,-0.0005637408058023485,False,0.001519476431128819,True,-0.037974699723967054,False,-0.004845599016484292,False,-0.0026930407611012175,False,True
2014-05-12,124.94000244140624,1896.6500244140625,12.229999542236328,1.376064658164978,100.58999633789062,-0.7,0.006768766942896631,True,0.009672737603931392,True,-0.05340561377578101,False,-0.006040940728672339,False,0.006000584927890129,True,False
2014-05-13,124.5999984741211,1897.449951171875,12.130000114440918,1.3756672143936155,101.6999969482422,-0.71,-0.002721337927335088,False,0.0004217577030636299,True,-0.008176568400518947,False,-0.0002888263781823941,False,0.0110349005941206,True,True
2014-05-14,125.80999755859376,1888.530029296875,12.170000076293944,1.3709522485733032,102.37000274658205,-0.69,0.009711068212604923,True,-0.004701005088166399,False,0.0032976060573490784,True,-0.0034274029147307594,False,0.0065880611449853355,True,False
2014-05-15,124.7699966430664,1870.8499755859373,13.170000076293944,1.372005581855774,101.5,-0.66,-0.008266440948327625,False,-0.009361807033336,False,0.0821692681783881,True,0.0007683223712326992,True,-0.008498610171338461,False,False
2014-05-16,124.5,1877.8599853515625,12.4399995803833,1.3716480731964111,102.0199966430664,-0.63,-0.0021639548796237307,False,0.00374696520677964,True,-0.05542904264857573,False,-0.0002605737644880701,False,0.005123119636122331,True,True
2014-05-19,124.58000183105467,1885.0799560546875,12.420000076293944,1.3703323602676392,102.61000061035156,-0.62,0.0006425849883908707,True,0.0038447864907102947,True,-0.0016076772318299737,False,-0.0009592204840895846,False,0.0057832188462951795,True,True
2014-05-20,124.69000244140624,1872.8299560546875,12.960000038146973,1.3713847398757937,102.44000244140624,-0.64,0.0008829716546379096,True,-0.00649839809746755,False,0.04347825753107104,True,0.0007679739884045578,True,-0.0016567407458739636,False,False
2014-05-21,124.38999938964844,1888.030029296875,11.90999984741211,1.3704074621200562,104.06999969482422,-0.65,-0.0024059912253091564,False,0.008116098951240547,True,-0.0810185329972416,False,-0.0007126211392917137,False,0.01591172603056412,True,True
2014-05-22,124.66999816894533,1892.489990234375,12.029999732971191,1.3681762218475342,103.73999786376952,-0.66,0.0022509750033827824,True,0.0023622298736216685,True,0.010075557270905922,True,-0.001628158291746451,False,-0.0031709602385163738,False,False
2014-05-23,124.51000213623048,1900.530029296875,11.359999656677246,1.3654487133026123,104.3499984741211,-0.66,-0.0012833563412588678,False,0.004248391856225497,True,-0.05569410566632382,False,-0.0019935359943902276,False,0.005880090832010909,True,False
2014-05-27,121.8499984741211,1911.9100341796875,11.510000228881836,1.3651318550109863,104.11000061035156,-0.65,-0.02136377492949515,False,0.005987805879090757,True,0.0132042761212956,True,-0.00023205433388973074,False,-0.0022999316461805863,False,False
2014-05-28,121.1999969482422,1909.780029296875,11.68000030517578,1.3636983633041382,102.72000122070312,-0.67,-0.005334440164288856,False,-0.0011140717108722997,False,0.014769771756160788,True,-0.001050075640375847,False,-0.013351257146282602,False,False
2014-05-29,120.94000244140624,1920.030029296875,11.56999969482422,1.359342098236084,103.58000183105467,-0.72,-0.0021451692523308807,False,0.0053671102654548886,True,-0.009417860229234298,False,-0.00319444914306366,False,0.008372279985703557,True,False
2014-05-30,120.43000030517578,1923.5699462890625,11.399999618530272,1.360451579093933,102.70999908447266,-0.77,-0.004216984669547563,False,0.0018436779311643559,True,-0.014693178978215315,False,0.0008161895811868991,True,-0.008399331253160724,False,False
2014-06-02,119.6999969482422,1924.969970703125,11.579999923706056,1.36280620098114,102.47000122070312,-0.83,-0.00606164041421331,False,0.0007278261010281728,True,0.01578950098236853,True,0.0017307649337838793,True,-0.002336655300445911,False,True
2014-06-03,120.01000213623048,1924.239990234375,11.869999885559082,1.3598966598510742,102.66000366210938,-0.91,0.002589851260583753,True,-0.00037921654875650024,False,0.02504317476370188,True,-0.002134963230994269,False,0.0018542250331101684,True,False
2014-06-04,119.76000213623048,1927.8800048828125,12.079999923706056,1.3621008396148682,102.63999938964844,-0.99,-0.002083159699607484,False,0.001891663548679423,True,0.01769166303046532,True,0.00162084357500758,True,-0.0001948594559452177,False,True
2014-06-05,120.66000366210938,1940.4599609375,11.68000030517578,1.3604146242141724,102.4800033569336,-1.06,0.007515042667209704,True,0.006525279593556643,True,-0.03311255141196723,False,-0.0012379519574868825,False,-0.001558807810466356,False,False
2014-06-06,120.61000061035156,1949.43994140625,10.729999542236328,1.3661948442459106,102.66000366210938,-1.13,-0.00041441281485321557,False,0.004627758701298612,True,-0.08133567963337085,False,0.0042488664329649595,True,0.0017564432014005593,True,True
2014-06-09,120.6500015258789,1951.27001953125,11.149999618530272,1.3642936944961548,104.41000366210938,-1.18,0.0003316550478809077,True,0.0009387712266117898,True,0.03914259964697142,True,-0.0013915656011754818,False,0.017046560856941673,True,True
2014-06-10,121.38999938964844,1950.7900390625,10.989999771118164,1.3592681884765625,104.3499984741211,-1.24,0.006133426062251646,True,-0.00024598362294592224,False,-0.014349762590682325,False,-0.0036835954310030505,False,-0.0005747072683042198,False,True
2014-06-11,121.41000366210938,1943.8900146484373,11.600000381469728,1.3540961742401123,104.4000015258789,-1.28,0.00016479341429698202,True,-0.0035370410325545887,False,0.05550506124255361,True,-0.0038049991019408758,False,0.00047918593664575404,True,True
2014-06-12,122.63999938964844,1930.1099853515625,12.5600004196167,1.3537112474441528,106.52999877929688,-1.3,0.010130925709896266,True,-0.007088893503764959,False,0.08275862125664335,True,-0.0002842684318014044,False,0.020402272244124164,True,True
2014-06-13,122.95999908447266,1936.1600341796875,12.18000030517578,1.3554543256759644,106.91000366210938,-1.3,0.0026092604078342685,True,0.003134561695468774,True,-0.030254785170820586,False,0.0012876292747825424,True,0.0035671161848014332,True,False
2014-06-16,122.41999816894533,1937.780029296875,12.649999618530272,1.3538029193878174,106.9000015258789,-1.28,-0.004391679566916329,False,0.0008367051734305964,True,0.03858779159100423,True,-0.0012183415234765516,False,-9.355659795950988e-05,False,False
2014-06-17,122.27999877929688,1941.989990234375,12.0600004196167,1.357717990875244,106.36000061035156,-1.27,-0.001143599017664143,False,0.0021725690603942027,True,-0.04664025428501328,False,0.002891906518562415,True,-0.005051458445457735,False,True
2014-06-18,122.66999816894533,1956.97998046875,10.609999656677246,1.3547931909561155,105.97000122070312,-1.24,0.0031893964143094866,True,0.007718881307192449,True,-0.12023223154958551,False,-0.0021542028158902937,False,-0.0036667862674916174,False,True
2014-06-19,126.94000244140624,1959.47998046875,10.619999885559082,1.3590649366378784,106.43000030517578,-1.23,0.03480887206487204,True,0.0012774785766593855,True,0.0009425286715765147,True,0.003153061079933739,True,0.00434084249479838,True,False
2014-06-20,126.5,1962.8699951171875,10.850000381469728,1.361136794090271,107.26000213623048,-1.22,-0.0034662236721583195,False,0.0017300583227324307,True,0.021657297400106135,True,0.0015244727433834093,True,0.007798570221504875,True,True
2014-06-23,126.8499984741211,1962.6099853515625,10.979999542236328,1.3593051433563232,106.16999816894533,-1.22,0.0027667863566884776,True,-0.00013246407875799893,False,0.011981489050324923,True,-0.0013456771882887075,False,-0.010162259421743647,False,True
2014-06-24,126.9800033569336,1949.97998046875,12.130000114440918,1.3601926565170288,106.02999877929688,-1.17,0.0010248709844409287,True,-0.006435310620591883,False,0.10473593990427132,True,0.0006529167972646466,True,-0.0013186341910421673,False,True
2014-06-25,126.98999786376952,1959.530029296875,11.59000015258789,1.3605812788009644,106.5,-1.15,7.870929730424692e-05,True,0.0048975112174378665,True,-0.044517721084779804,False,0.0002857112057423894,True,0.004432719288070874,True,False
2014-06-26,126.7300033569336,1957.219970703125,11.630000114440918,1.3628991842269895,105.83999633789062,-1.14,-0.002047362085278892,False,-0.00117888399729138,False,0.003451247741709018,True,0.0017036140818194045,True,-0.006197217484595119,False,False
2014-06-27,126.66000366210938,1960.9599609375,11.260000228881836,1.3613035678863523,105.73999786376952,-1.13,-0.0005523529785370629,False,0.001910868625069062,True,-0.03181426327757764,False,-0.0011707515560237525,False,-0.0009448079892393491,False,True
2014-06-30,128.0399932861328,1960.22998046875,11.56999969482422,1.3644425868988037,105.37000274658205,-1.13,0.010895228044559557,True,-0.0003722566922789161,False,0.027531035492098566,True,0.002305892004180299,True,-0.0034991027488402437,False,False
2014-07-01,127.6999969482422,1973.3199462890625,11.149999618530272,1.3693565130233765,105.33999633789062,-1.13,-0.0026553917191389775,False,0.006677770440579822,True,-0.03630078542541659,False,0.003601416557761805,True,-0.00028477183172892495,False,False
2014-07-02,127.6999969482422,1974.6199951171875,10.81999969482422,1.3680826425552368,104.4800033569336,-1.12,0.0,False,0.0006588129971369927,True,-0.029596406726115188,False,-0.0009302694046615656,False,-0.008163973902168165,False,False
2014-07-03,127.16000366210938,1985.43994140625,10.31999969482422,1.3652995824813845,104.05999755859376,-1.13,-0.0042286084497847876,False,0.005479508115899812,True,-0.0462107221906094,False,-0.002034277745571189,False,-0.004019963484351852,False,False
2014-07-07,127.0199966430664,1977.6500244140625,11.329999923706056,1.3588433265686035,103.52999877929688,-1.08,-0.001101030316222662,False,-0.003923521850109468,False,0.09786824212682688,True,-0.00472881995689689,False,-0.005093203841355698,False,True
2014-07-08,127.06999969482422,1963.7099609375,11.979999542236328,1.360618233680725,103.4000015258789,-1.05,0.0003936628332492642,True,-0.00704880201475111,False,0.0573697813686882,True,0.00130618966691598,True,-0.0012556481691369248,False,True
2014-07-09,127.83999633789062,1972.8299560546875,11.649999618530272,1.3617113828659058,102.29000091552734,-1.03,0.0060596257567928635,True,0.004644267890169251,True,-0.02754590453385397,False,0.0008034209435980877,True,-0.010735015415582527,False,True
2014-07-10,128.5399932861328,1964.6800537109373,12.59000015258789,1.3642936944961548,102.93000030517578,-1.02,0.005475570778272321,True,-0.004131071874054815,False,0.08068674376284712,True,0.0018963722142164574,True,0.006256715064231644,True,True
2014-07-11,128.77999877929688,1967.5699462890625,12.079999923706056,1.360507249832153,100.83000183105467,-1.0,0.0018671659071103353,True,0.0014709227452411877,True,-0.040508357641044435,False,-0.0027753882314908163,False,-0.020402200212715882,False,False
2014-07-14,125.72000122070312,1977.0999755859373,11.81999969482422,1.360377550125122,100.91000366210938,-1.0,-0.02376143490914273,False,0.004843552990250188,True,-0.02152319789105339,False,-9.533187496579831e-05,False,0.0007934328037477734,True,False
2014-07-15,124.52999877929688,1973.280029296875,11.960000038146973,1.3621751070022583,99.95999908447266,-1.0,-0.009465498169358044,False,-0.0019320956634629738,False,0.011844360993008785,True,0.0013213661729207793,True,-0.009414374622537358,False,True
2014-07-16,124.97000122070312,1981.5699462890625,11.0,1.3572019338607788,101.1999969482422,-0.98,0.0035333047917720517,True,0.004201084929208676,True,-0.08026756146195724,False,-0.0036509059047658,False,0.012404940727557046,True,True
2014-07-17,127.08999633789062,1958.1199951171875,14.539999961853027,1.3529969453811646,103.19000244140624,-0.91,0.016964032139549223,True,-0.01183402645755216,False,0.32181817835027515,True,-0.003098277695237628,False,0.019664086493814903,True,False
2014-07-18,126.12999725341795,1978.219970703125,12.0600004196167,1.3518811464309692,103.12999725341795,-0.88,-0.007553695114762227,False,0.010264935568841116,True,-0.17056393044998797,False,-0.0008246869691793668,False,-0.0005815019533733645,False,True
2014-07-21,126.33999633789062,1973.6300048828125,12.8100004196167,1.3532166481018066,104.58999633789062,-0.85,0.0016649416399394656,True,-0.0023202504717819705,False,0.0621890525625568,True,0.000987883938142975,True,0.014156880862558952,True,False
2014-07-22,125.73999786376952,1983.530029296875,12.239999771118164,1.3527040481567385,104.41999816894533,-0.87,-0.004749077817894132,False,0.005016150134305564,True,-0.044496536286264265,False,-0.00037880109277932394,False,-0.0016253769471039625,False,False
2014-07-23,125.62000274658205,1987.010009765625,11.520000457763672,1.3468012809753418,103.12000274658205,-0.89,-0.0009543114301423516,False,0.0017544380056517817,True,-0.05882347441324487,False,-0.004363679689907141,False,-0.01244967865504043,False,False
2014-07-24,124.3499984741211,1987.97998046875,11.84000015258789,1.346293568611145,102.06999969482422,-0.93,-0.010109888908560016,False,0.00048815592189166424,True,0.027777750183035854,True,-0.00037697644884115977,False,-0.010182341192699673,False,True
2014-07-25,125.79000091552734,1978.3399658203125,12.6899995803833,1.3464748859405518,102.08999633789062,-0.95,0.011580236904513708,True,-0.004849150767687549,False,0.0717904912872509,True,0.0001346788944358579,True,0.00019591107207017622,True,False
2014-07-28,125.58000183105467,1978.9100341796875,12.5600004196167,1.3428946733474731,101.66999816894533,-0.96,-0.0016694417914321358,False,0.0002881549022029084,True,-0.010244221045330848,False,-0.002658952372942114,False,-0.004113999255668688,False,False
2014-07-29,125.1999969482422,1969.949951171875,13.279999732971191,1.3439054489135742,100.97000122070312,-0.93,-0.003025998385664197,False,-0.004527786939807377,False,0.05732478417994069,True,0.0007526841726026579,True,-0.006884990270964786,False,False
2014-07-30,124.83000183105467,1970.0699462890625,13.329999923706056,1.3411117792129517,100.2699966430664,-0.94,-0.0029552326374295834,False,6.091277451791832e-05,True,0.0037650746792354806,True,-0.0020787695316519805,False,-0.0069327975554503984,False,False
2014-07-31,123.38999938964844,1930.6700439453125,16.950000762939453,1.3396027088165283,98.16999816894533,-0.94,-0.011535707925047878,False,-0.019999240340662028,False,0.27156795648555043,True,-0.0011252383431521462,False,-0.020943438161232786,False,True
2014-08-01,124.37999725341795,1925.1500244140625,17.030000686645508,1.3389928340911863,97.87999725341795,-0.89,0.008023323354133804,True,-0.002859121137017251,False,0.004719759298239756,True,-0.00045526537183615545,False,-0.0029540686659512705,False,False
2014-08-04,123.98999786376952,1938.989990234375,15.119999885559082,1.3428946733474731,98.29000091552734,-0.87,-0.003135547501692204,False,0.007189032358413172,True,-0.11215506306962153,False,0.002914010558491942,True,0.004188840147265838,True,False
2014-08-05,123.87000274658205,1920.2099609375,16.8700008392334,1.342209815979004,97.37999725341795,-0.82,-0.0009677806214604123,False,-0.009685469956760784,False,0.11574080469046288,True,-0.0005099859148015584,False,-0.009258354396511459,False,True
2014-08-06,125.66999816894533,1920.239990234375,16.3700008392334,1.337238073348999,96.91999816894533,-0.77,0.014531326248904408,True,1.563854864095049e-05,True,-0.029638409906725394,False,-0.0037041471242545976,False,-0.004723753311222101,False,True
2014-08-07,126.18000030517578,1909.5699462890625,16.65999984741211,1.3382940292358398,97.33999633789062,-0.69,0.0040582648496965135,True,-0.0055566200056119674,False,0.017715271430144286,True,0.0007896543688710178,True,0.0043334520932736265,True,True
2014-08-08,126.19000244140624,1931.5899658203125,15.770000457763672,1.3358268737792969,97.6500015258789,-0.64,7.92687922512858e-05,True,0.011531402436471216,True,-0.05342133240095359,False,-0.0018435077812846146,False,0.0031847667932118906,True,False
2014-08-11,125.95999908447266,1936.9200439453125,14.229999542236328,1.3405184745788574,98.08000183105467,-0.6,-0.0018226749543045484,False,0.0027594252503462258,True,-0.09765382820703672,False,0.0035121323665896487,True,0.004403484879227593,True,True
2014-08-12,125.98999786376952,1933.75,14.130000114440918,1.3384909629821775,97.37000274658205,-0.58,0.00023816115842256735,True,-0.00163664161317445,False,-0.007027366901776744,False,-0.0015124831437454134,False,-0.007238979111109933,False,True
2014-08-13,126.1999969482422,1946.719970703125,12.899999618530272,1.3366124629974363,97.58999633789062,-0.54,0.0016667917138926125,True,0.006707160027472625,True,-0.08704886666303568,False,-0.001403446146962306,False,0.002259356938513646,True,True
2014-08-14,126.30999755859376,1955.1800537109373,12.420000076293944,1.3367911577224731,95.58000183105467,-0.54,0.0008716371870964856,True,0.004345814053963171,True,-0.03720926794035173,False,0.00013369224811521363,True,-0.020596317063858116,False,False
2014-08-15,125.4800033569336,1955.06005859375,13.149999618530272,1.3363981246948242,97.3499984741211,-0.56,-0.006571088731714525,False,-6.137292417618401e-05,False,0.05877613025378947,True,-0.0002940122885900509,False,0.018518483042038847,True,False
2014-08-18,124.95999908447266,1971.739990234375,12.31999969482422,1.339046597480774,96.41000366210938,-0.58,-0.004144120645117932,False,0.008531672245722488,True,-0.06311786675160502,False,0.001981799238572446,True,-0.009655827701544384,False,False
2014-08-19,124.68000030517578,1981.5999755859373,12.210000038146973,1.336112380027771,94.4800033569336,-0.64,-0.002240707277115117,False,0.005000651911710952,True,-0.008928543782631748,False,-0.002191273596096832,False,-0.020018672667412196,False,False
2014-08-20,124.22000122070312,1986.510009765625,11.779999732971191,1.332196593284607,96.06999969482422,-0.7,-0.003689437627099168,False,0.002477812999687634,True,-0.035217060100930175,False,-0.002930731577446055,False,0.016828919151111954,True,False
2014-08-21,122.87999725341795,1992.3699951171875,11.760000228881836,1.3260489702224731,93.95999908447266,-0.79,-0.010787344663637288,False,0.0029498896671826813,True,-0.0016977508100767258,False,-0.004614651541013481,False,-0.021963158291393614,False,True
2014-08-22,123.19000244140624,1988.4000244140625,11.470000267028809,1.3279330730438232,93.6500015258789,-0.85,0.002522828734679683,True,-0.0019925870761225983,False,-0.024659860221839525,False,0.0014208395494126336,True,-0.003299250336465609,False,False
2014-08-25,122.73999786376952,1997.9200439453125,11.699999809265137,1.3198705911636353,93.3499984741211,-0.92,-0.003652930990489689,False,0.004787778824361766,True,0.020052269998412697,True,-0.006071451975894759,False,-0.003203449512757417,False,True
2014-08-26,123.3499984741211,2000.02001953125,11.630000114440918,1.3188958168029783,93.86000061035156,-0.99,0.004969860037219664,True,0.0010510808940034089,True,-0.005982879997039503,False,-0.0007385378287712019,False,0.00546333309659186,True,False
2014-08-27,123.31999969482422,2000.1199951171875,11.779999732971191,1.3170199394226074,93.87999725341795,-1.02,-0.00024320048372894476,False,4.9987292607633904e-05,True,0.012897645490477672,True,-0.0014223089924707555,False,0.000213047548863754,True,True
2014-08-28,124.0,1996.739990234375,12.050000190734863,1.319087266921997,94.5500030517578,-1.04,0.0055141121217852085,True,-0.0016899010514689339,False,0.022920243114094907,True,0.0015697009874398038,True,0.007136832317232056,True,False
2014-08-29,123.86000061035156,2003.3699951171875,12.09000015258789,1.3184958696365356,95.95999908447266,-1.09,-0.0011290273358744995,False,0.00332041473363498,True,0.0033194988564217986,True,-0.0004483382565290128,False,0.014912702138602851,True,False
2014-09-02,121.6500015258789,2002.280029296875,12.25,1.3131976127624512,92.87999725341795,-1.15,-0.01784271817844607,False,-0.0005440661600049079,False,0.013234064962179604,True,-0.004018409913976506,False,-0.03209672634889671,False,True
2014-09-03,122.1500015258789,2000.719970703125,12.359999656677246,1.3131976127624512,95.54000091552734,-1.16,0.004110152024072278,True,-0.0007791410646480479,False,0.008979563810387337,True,0.0,False,0.028639144495791857,True,False
2014-09-04,121.4800033569336,1997.6500244140625,12.640000343322754,1.3150973320007324,94.4499969482422,-1.15,-0.005485044294521457,False,-0.0015344207755288997,False,0.02265377786594369,True,0.0014466362258189758,True,-0.011408875411764718,False,True
2014-09-05,122.05999755859376,2007.7099609375,12.09000015258789,1.2932761907577517,93.29000091552734,-1.18,0.004774400606131213,True,0.005035885365550108,True,-0.04351267213575738,False,-0.01659279561443794,False,-0.012281588885074579,False,False
2014-09-08,120.7300033569336,2001.5400390625,12.65999984741211,1.2953367233276367,92.66000366210938,-1.19,-0.010896233231708186,False,-0.003073114142502442,False,0.04714637614807704,True,0.0015932656803012701,True,-0.0067531058766783225,False,True
2014-09-09,120.87000274658205,1988.43994140625,13.5,1.2891082763671875,92.75,-1.16,0.0011596072704027627,True,-0.006545009043329442,False,0.06635072375293904,True,-0.004808361291918528,False,0.0009712533383745559,True,False
2014-09-10,120.26000213623048,1995.68994140625,12.880000114440918,1.294196844100952,91.66999816894533,-1.17,-0.0050467493711445766,False,0.0036460744169486414,True,-0.04592591744882091,False,0.003947354793271796,True,-0.011644224593581387,False,False
2014-09-11,119.47000122070312,1997.449951171875,12.800000190734863,1.2917059659957886,92.83000183105467,-1.21,-0.006569107778930938,False,0.0008819054148185845,True,-0.006211174145593357,False,-0.0019246516606163944,False,0.012654125507578717,True,False
2014-09-12,118.37999725341795,1985.5400390625,13.3100004196167,1.2923569679260254,92.2699966430664,-1.24,-0.009123662477173222,False,-0.005962558462297207,False,0.039843767287675025,True,0.0005039861604532181,True,-0.006032588354435764,False,True
2014-09-15,118.63999938964844,1984.1300048828125,14.119999885559082,1.2960082292556765,92.91999816894533,-1.25,0.002196335041923403,True,-0.0007101514711097545,False,0.06085645682990215,True,0.002825273063301159,True,0.007044559981868925,True,True
2014-09-16,118.83000183105467,1998.97998046875,12.729999542236328,1.2939791679382324,94.87999725341795,-1.27,0.0016015040659449475,True,0.007484376300642026,True,-0.09844195145811196,False,-0.001565623791300652,False,0.02109340425199968,True,False
2014-09-17,117.54000091552734,2001.5699462890625,12.649999618530272,1.2959076166152954,94.41999816894533,-1.3,-0.010855852020951517,False,0.0012956437010964716,True,-0.006284361868248989,False,0.0014903243613539896,True,-0.0048482198333543725,False,True
2014-09-18,117.77999877929688,2011.3599853515625,12.029999732971191,1.285000205039978,93.06999969482422,-1.33,0.002041839900460918,True,0.0048911800862372345,True,-0.04901185013878395,False,-0.008416812614934543,False,-0.014297802375568325,False,False
2014-09-19,117.08999633789062,2010.4000244140625,12.109999656677246,1.2920063734054563,92.41000366210938,-1.33,-0.00585840081981337,False,-0.00047726958102545236,False,0.0066500353683962565,True,0.005452270231552481,True,-0.007091393949489211,False,False
2014-09-22,116.8499984741211,1994.2900390625,13.6899995803833,1.2841421365737915,91.5199966430664,-1.3,-0.002049687174615289,False,-0.00801332329681892,False,0.13047068278279172,True,-0.006086840586502995,False,-0.009631067890628175,False,True
2014-09-23,117.5999984741211,1982.77001953125,14.93000030517578,1.285148859024048,91.55999755859376,-1.29,0.006418485321299405,True,-0.0057765015647701645,False,0.09057711926955081,True,0.0007839649689733719,True,0.0004370729566716136,True,False
2014-09-24,117.0500030517578,1998.300048828125,13.270000457763672,1.2853965759277344,92.8000030517578,-1.28,-0.004676831883499766,False,0.00783249148610099,True,-0.11118551999202808,False,0.00019275347127845066,True,0.013543092248014643,True,True
2014-09-25,117.38999938964844,1965.989990234375,15.640000343322754,1.2778083086013794,92.52999877929688,-1.22,0.0029047102009924775,True,-0.016168772358634453,False,0.17859832734010972,True,-0.005903444484343767,False,-0.0029095287023894745,False,False
2014-09-26,117.05999755859376,1982.8499755859373,14.850000381469728,1.2757054567337036,93.54000091552734,-1.17,-0.0028111579586886926,False,0.008575824615237426,True,-0.05051150540353433,False,-0.0016456708361659578,False,0.010915402026963505,True,False
2014-09-29,117.02999877929688,1977.800048828125,15.979999542236328,1.2673146724700928,94.56999969482422,-1.11,-0.0002562684087010769,False,-0.002546802239196122,False,0.07609421762551905,True,-0.006577368011809304,False,0.011011318892620414,True,False
2014-09-30,116.20999908447266,1972.2900390625,16.309999465942383,1.269083857536316,91.16000366210938,-1.03,-0.007006747871292629,False,-0.002785928622506484,False,0.020650809334120446,True,0.0013960108761108536,True,-0.03605790466023939,False,True
2014-10-01,116.7699966430664,1946.1600341796875,16.709999084472656,1.262833595275879,90.7300033569336,-0.92,0.004818841433659182,True,-0.013248560995234304,False,0.024524808806127174,True,-0.004925019117783647,False,-0.004716984290277226,False,False
2014-10-02,116.73999786376952,1946.1700439453125,16.15999984741211,1.2624191045761108,91.01000213623048,-0.81,-0.0002569048570634225,False,5.143341477165109e-06,True,-0.032914378647190934,False,-0.00032822273759469667,False,0.0030860660083453784,True,False
2014-10-03,114.61000061035156,1967.9000244140625,14.550000190734863,1.2670577764511108,89.73999786376953,-0.75,-0.018245650954213377,False,0.0111655096821337,True,-0.09962869256679319,False,0.003674430985863175,True,-0.013954557110765875,False,True
2014-10-06,116.02999877929688,1964.8199462890625,15.460000038146973,1.2513607740402222,90.33999633789062,-0.7,0.012389827775788786,True,-0.0015651598591330806,False,0.06254294401944938,True,-0.012388545102382187,False,0.006685964880809525,True,True
2014-10-07,116.36000061035156,1935.0999755859373,17.200000762939453,1.264606237411499,88.8499984741211,-0.63,0.0028441078559553468,True,-0.015126053030587894,False,0.11254855889386106,True,0.010584847828106092,True,-0.016493224752817448,False,True
2014-10-08,117.47000122070312,1968.8900146484373,15.109999656677246,1.266800880432129,87.30999755859375,-0.56,0.009539365800353972,True,0.017461650296527242,True,-0.12151168683465974,False,0.0017354358658883129,True,-0.0173325936069193,False,True
2014-10-09,117.63999938964844,1928.2099609375,18.76000022888184,1.2743074893951416,85.7699966430664,-0.5,0.0014471624004321892,True,-0.02066141501469343,False,0.24156192290789535,True,0.005925642363346029,True,-0.017638311288393438,False,False
2014-10-10,117.58999633789062,1906.1300048828125,21.239999771118164,1.2689067125320437,85.81999969482422,-0.41,-0.0004250514452333043,False,-0.011451012338901223,False,0.1321961360329973,True,-0.004238205384527238,False,0.0005829900164961987,True,True
2014-10-13,118.5199966430664,1874.739990234375,24.63999938964844,1.263982892036438,85.73999786376953,-0.33,0.007908838626913939,True,-0.016467929557809624,False,0.16007531333185532,True,-0.0038803644483687005,False,-0.0009322049794823206,False,True
2014-10-14,118.58999633789062,1877.699951171875,22.790000915527344,1.272394061088562,81.83999633789062,-0.23,0.0005906150591197257,True,0.0015788647774723774,True,-0.07508110876408158,False,0.006654495962815199,True,-0.04548637302365621,False,True
2014-10-15,118.98999786376952,1862.489990234375,25.270000457763672,1.2639029026031494,81.77999877929688,-0.14,0.0033729786510761084,True,-0.008100314924121665,False,0.10881963328692312,True,-0.006673371673982964,False,-0.0007331080312619198,False,True
2014-10-16,119.22000122070312,1862.760009765625,25.200000762939453,1.2821663618087769,82.69999694824219,-0.04,0.001932963787401265,True,0.0001449777086941495,True,-0.002770070975709582,False,0.014450049262496156,True,0.011249672079699513,True,False
